feature,family,icc1,eta2_H,q_bh
strafe_overlap_frac,keydyn,0.6339,0.6123,0.0
combo_AD,keydyn,0.3784,0.4779,5.441266473188897e-280
combo_trans_entropy,keydyn,0.3723,0.361,1.8826831908378257e-209
switch_per_s,habit,0.3601,0.2839,2.1449113167674848e-163
presses_total_per_s,keydyn,0.3576,0.3465,7.436207359190467e-201
wpn_sniper_frac,habit,0.3477,0.1379,1.7861245461038877e-76
combo_switch_per_s,keydyn,0.3161,0.2993,1.8338932332570325e-172
frac_scoped,micro,0.3121,0.1399,1.2406176407995655e-77
strafe_switch_per_s,micro,0.2864,0.2585,4.0449693188356974e-148
zoom_toggle_per_s,habit,0.2822,0.1253,4.416990708768436e-69
presses_D_per_s,keydyn,0.2795,0.2282,4.751565549448606e-130
fwd_switch_per_s,micro,0.2728,0.2846,9.213827311590625e-164
qswitch_per_s,habit,0.2619,0.298,9.436773328921399e-172
presses_A_per_s,keydyn,0.2421,0.2318,3.9600256297331836e-132
presses_S_per_s,keydyn,0.2274,0.2147,5.010290238698758e-122
counterstrafe_per_s,micro,0.2176,0.2036,2.219429054049483e-115
combo_persistence,keydyn,0.212,0.2275,1.1056179975364192e-129
presses_SHIFT_per_s,keydyn,0.2013,0.1869,1.7310478395641625e-105
dwell_D_ms,keydyn,0.1973,0.2295,8.158588105771798e-131
presses_W_per_s,keydyn,0.186,0.1885,2.0506753048116232e-106
presses_CTRL_per_s,keydyn,0.1791,0.1779,3.62874942278976e-100
duck_per_s,micro,0.179,0.177,1.1681855250127211e-99
frac_walkkey,micro,0.1543,0.1414,1.54923736684966e-78
strafe_flight_ms,keydyn,0.1473,0.1834,1.9670110275819185e-103
wpn_primary_frac,habit,0.1373,0.1293,1.9211036573104064e-71
