nick_canonical,team,country,role,сесій,раундів,перша,остання,рознос_міс
ZywOo,Vitality,FR,awp,27,685,2026-04-17,2026-09-05,4.6
apEX,Vitality,FR,rifler,27,678,2026-04-17,2026-09-05,4.6
flameZ,Vitality,IL,rifler,27,677,2026-04-17,2026-09-05,4.6
ropz,Vitality,EE,rifler,27,675,2026-04-17,2026-09-05,4.6
Aleksib,Natus Vincere,FI,,25,671,2026-04-14,2026-08-30,4.5
b1t,Natus Vincere,UA,,25,673,2026-04-14,2026-08-30,4.5
iM,Natus Vincere,RO,,25,664,2026-04-14,2026-08-30,4.5
makazze,Natus Vincere,XK,,25,667,2026-04-14,2026-08-30,4.5
w0nderful,Natus Vincere,UA,,25,675,2026-04-14,2026-08-30,4.5
mezii,Vitality,GB,rifler,21,525,2026-04-17,2026-08-21,4.1
PR,MOUZ,CZ,,5,109,2026-05-01,2026-09-05,4.2
REZ,GamerLegion,SE,,4,89,2026-05-01,2026-05-17,0.5
Snax,GamerLegion,PL,,4,89,2026-05-01,2026-05-17,0.5
Tauson,GamerLegion,DK,,4,88,2026-05-01,2026-05-17,0.5
hypex,GamerLegion,PL,,4,89,2026-05-01,2026-05-17,0.5
