зріз,родина,n_feat,across_match,within_match,degradation
між серіями,усі,108,0.7060070671378091,0.7265017667844523,0.0204946996466431
між серіями,клавіатурна динаміка,29,0.5653710247349824,0.5787985865724382,0.0134275618374558
між серіями,мікрорух,26,0.4653710247349823,0.4840989399293286,0.0187279151943463
між серіями,звички спорядження,14,0.2876325088339223,0.4809187279151943,0.193286219081272
між серіями,подієві,31,0.23886925795053,0.3968197879858657,0.1579505300353356
між серіями,геометрія маршруту,8,0.1812720848056537,0.2081272084805653,0.0268551236749116
між матчами,усі,108,0.7063604240282686,0.7265017667844523,0.0201413427561837
між матчами,клавіатурна динаміка,29,0.5664310954063604,0.5787985865724382,0.0123674911660778
між матчами,мікрорух,26,0.465017667844523,0.4840989399293286,0.0190812720848056
між матчами,звички спорядження,14,0.2876325088339223,0.4809187279151943,0.193286219081272
між матчами,подієві,31,0.2402826855123674,0.3968197879858657,0.1565371024734982
між матчами,геометрія маршруту,8,0.1823321554770318,0.2081272084805653,0.0257950530035335
