full_url,player_name,firepower,kills_per_round,rounds_with_a_kill,kills_per_round_win,rating_1.0,damage_per_round,rounds_with_a_multi_kill,damage_per_round_win,pistol_round_rating,entrying,saved_by_teammate_per_round,traded_deaths_per_round,traded_deaths_percentage,opening_deaths_traded_percentage,assists_per_round,support_rounds,trading,saved_teammate_per_round,trade_kills_per_round,trade_kills_percentage,assisted_kills_percentage,damage_per_kill,opening,opening_kills_per_round,opening_deaths_per_round,opening_attempts,opening_success,win_after_opening_kill,attacks_per_round,clutching,clutch_points_per_round,last_alive_percentage,1on1_win_percentage,time_alive_per_round,saves_per_round_loss,sniping,sniper_kills_per_round,sniper_kills_percentage,rounds_with_sniper_kills_percentage,sniper_multi_kill_rounds,sniper_opening_kills_per_round,utility,utility_damage_per_round,utility_kills_per_100_rounds,flashes_thrown_per_round,flash_assists_per_round,time_opponent_flashed_per_round,map,age,ct_firepower,ct_kills_per_round,ct_rounds_with_a_kill,ct_kills_per_round_win,ct_rating_1.0,ct_damage_per_round,ct_rounds_with_a_multi_kill,ct_damage_per_round_win,ct_pistol_round_rating,ct_entrying,ct_saved_by_teammate_per_round,ct_traded_deaths_per_round,ct_traded_deaths_percentage,ct_opening_deaths_traded_percentage,ct_assists_per_round,ct_support_rounds,ct_trading,ct_saved_teammate_per_round,ct_trade_kills_per_round,ct_trade_kills_percentage,ct_assisted_kills_percentage,ct_damage_per_kill,ct_opening,ct_opening_kills_per_round,ct_opening_deaths_per_round,ct_opening_attempts,ct_opening_success,ct_win_after_opening_kill,ct_attacks_per_round,ct_clutching,ct_clutch_points_per_round,ct_last_alive_percentage,ct_1on1_win_percentage,ct_time_alive_per_round,ct_saves_per_round_loss,ct_sniping,ct_sniper_kills_per_round,ct_sniper_kills_percentage,ct_rounds_with_sniper_kills_percentage,ct_sniper_multi_kill_rounds,ct_sniper_opening_kills_per_round,ct_utility,ct_utility_damage_per_round,ct_utility_kills_per_100_rounds,ct_flashes_thrown_per_round,ct_flash_assists_per_round,ct_time_opponent_flashed_per_round,t_firepower,t_kills_per_round,t_rounds_with_a_kill,t_kills_per_round_win,t_rating_1.0,t_damage_per_round,t_rounds_with_a_multi_kill,t_damage_per_round_win,t_pistol_round_rating,t_entrying,t_saved_by_teammate_per_round,t_traded_deaths_per_round,t_traded_deaths_percentage,t_opening_deaths_traded_percentage,t_assists_per_round,t_support_rounds,t_trading,t_saved_teammate_per_round,t_trade_kills_per_round,t_trade_kills_percentage,t_assisted_kills_percentage,t_damage_per_kill,t_opening,t_opening_kills_per_round,t_opening_deaths_per_round,t_opening_attempts,t_opening_success,t_win_after_opening_kill,t_attacks_per_round,t_clutching,t_clutch_points_per_round,t_last_alive_percentage,t_1on1_win_percentage,t_time_alive_per_round,t_saves_per_round_loss,t_sniping,t_sniper_kills_per_round,t_sniper_kills_percentage,t_rounds_with_sniper_kills_percentage,t_sniper_multi_kill_rounds,t_sniper_opening_kills_per_round,t_utility,t_utility_damage_per_round,t_utility_kills_per_100_rounds,t_flashes_thrown_per_round,t_flash_assists_per_round,t_time_opponent_flashed_per_round
https://www.hltv.org/stats/players/2553/snax?maps=de_train,snax,0.7,0.71,47.9,1.0,1.04,75.6,17.6,72.4,0.92,0.04,0.07,0.08,12.8,13.5,0.12,15.6,0.06,0.07,0.1,13.6,17.2,79.0,0.58,0.11,0.1,20.9,50.5,73.8,2.58,0.47,0.02,8.8,57.3,0m 47s,5.2,0.52,0.18,25.5,13.9,0.05,0.04,0.52,4.42,0.99,0.55,0.03,2.1,de_train,32,0.82,0.8,52.6,1.05,1.21,82.6,20.4,73.4,1.0,0.09,0.05,0.08,13.5,14.0,0.14,12.9,0.13,0.04,0.1,12.2,18.5,76.0,0.66,0.13,0.08,21.0,59.7,76.4,2.07,0.38,0.01,6.8,52.9,0m 46s,8.6,0.57,0.21,36.8,17.7,0.06,0.05,0.45,5.46,0.94,0.4,0.02,1.61,0.46,0.62,43.3,0.94,0.89,68.7,14.8,71.2,0.85,0.03,0.06,0.09,12.2,13.2,0.11,10.2,0.09,0.06,0.1,15.3,15.6,82.0,0.46,0.09,0.12,20.9,41.3,70.2,1.74,0.53,0.03,10.8,64.3,0m 48s,2.6,0.53,0.12,26.5,10.2,0.03,0.03,0.58,3.4,0.64,0.7,0.04,2.38
https://www.hltv.org/stats/players/2553/snax?maps=de_nuke,snax,0.69,0.7,48.3,0.97,1.03,76.6,17.1,87.0,0.87,0.09,0.08,0.1,15.6,17.4,0.14,16.7,0.1,0.08,0.11,14.9,16.6,96.0,0.74,0.12,0.1,22.0,54.5,76.5,2.84,0.56,0.03,11.0,56.6,0m 45s,6.9,0.23,0.12,16.4,9.0,0.03,0.03,0.52,4.64,0.95,0.51,0.03,2.51,de_nuke,32,0.83,0.8,53.4,1.03,1.22,84.0,20.2,89.2,0.97,0.16,0.05,0.09,15.9,14.6,0.17,17.8,0.14,0.06,0.09,11.6,18.4,92.0,0.88,0.16,0.09,24.5,64.9,78.9,2.68,0.46,0.02,7.8,51.8,0m 55s,12.5,0.3,0.15,22.4,13.2,0.05,0.05,0.52,5.6,0.93,0.4,0.02,2.77,0.41,0.61,43.3,0.88,0.85,69.3,14.0,84.0,0.77,0.11,0.08,0.11,15.3,19.5,0.11,12.1,0.19,0.08,0.12,19.3,14.2,102.0,0.41,0.08,0.11,19.5,41.6,72.0,2.37,0.62,0.04,14.1,62.0,0m 36s,3.0,0.15,0.06,11.2,4.8,0.01,0.01,0.54,3.69,0.6,0.6,0.03,2.34
https://www.hltv.org/stats/players/2553/snax?maps=de_inferno,snax,0.45,0.66,44.8,0.93,0.98,70.2,15.7,59.7,1.01,0.14,0.1,0.09,13.1,15.9,0.14,18.8,0.09,0.09,0.08,11.6,20.8,70.0,0.53,0.1,0.11,21.1,48.1,71.4,2.7,0.43,0.02,7.1,59.5,0m 47s,8.5,0.16,0.09,13.4,6.6,0.02,0.02,0.64,6.42,1.36,0.48,0.04,2.38,de_inferno,32,0.49,0.72,48.2,0.98,1.11,73.1,17.3,58.5,1.06,0.06,0.05,0.07,11.9,12.8,0.16,14.8,0.04,0.04,0.06,8.7,22.9,67.0,0.55,0.12,0.09,20.8,55.5,68.4,1.85,0.43,0.02,6.3,52.6,0m 47s,14.7,0.23,0.11,25.7,9.9,0.03,0.03,0.69,8.32,1.2,0.41,0.03,2.89,0.36,0.59,41.3,0.88,0.86,67.1,14.0,61.2,0.95,0.09,0.08,0.1,14.2,18.3,0.12,11.2,0.11,0.07,0.09,15.5,18.2,74.0,0.49,0.09,0.13,21.4,40.5,75.6,1.7,0.45,0.03,8.0,74.3,0m 47s,2.5,0.12,0.04,10.3,3.1,0.01,0.008,0.58,4.38,0.48,0.6,0.04,2.04
https://www.hltv.org/stats/players/2553/snax?maps=de_mirage,snax,0.54,0.68,46.8,0.94,1.02,71.7,16.3,62.6,0.98,0.03,0.07,0.08,12.1,13.7,0.12,18.3,0.05,0.07,0.08,11.9,19.2,72.0,0.58,0.11,0.1,20.7,50.8,74.1,2.38,0.55,0.03,8.5,69.4,0m 43s,6.4,0.39,0.15,22.4,11.7,0.04,0.03,0.36,3.56,1.04,0.48,0.02,1.67,de_mirage,32,0.52,0.72,48.8,0.94,1.13,74.3,17.5,60.9,1.06,0.04,0.04,0.06,11.0,11.2,0.12,14.1,0.05,0.04,0.07,10.0,20.6,70.0,0.5,0.11,0.07,18.0,60.4,77.0,1.59,0.65,0.03,8.2,61.0,0m 44s,11.7,0.56,0.2,40.9,16.6,0.06,0.05,0.32,4.52,0.8,0.34,0.02,1.77,0.5,0.64,44.8,0.94,0.92,69.1,15.0,64.6,0.9,0.04,0.06,0.09,12.9,15.0,0.12,10.1,0.08,0.06,0.09,14.1,17.6,75.0,0.62,0.1,0.13,23.5,43.3,71.0,1.7,0.46,0.03,8.7,82.1,0m 42s,1.8,0.24,0.08,17.4,6.8,0.02,0.02,0.38,2.61,0.4,0.62,0.03,1.62
https://www.hltv.org/stats/players/2553/snax?maps=de_dust2,snax,0.44,0.65,44.7,0.91,0.97,70.5,15.7,61.5,1.01,0.05,0.08,0.08,11.9,12.1,0.15,18.8,0.03,0.07,0.07,10.5,18.6,74.0,0.62,0.11,0.11,21.7,50.5,72.6,2.26,0.48,0.03,7.9,59.0,0m 45s,7.4,0.58,0.19,29.7,14.8,0.05,0.05,0.57,3.97,1.19,0.6,0.05,2.41,de_dust2,32,0.36,0.67,46.3,0.93,1.02,71.3,16.1,64.0,1.0,0.05,0.05,0.07,11.1,9.1,0.15,15.9,0.02,0.04,0.06,8.4,18.7,74.0,0.66,0.12,0.1,22.7,54.8,73.1,1.58,0.42,0.02,7.1,48.5,0m 46s,13.2,0.58,0.19,41.7,17.7,0.06,0.07,0.56,4.88,0.98,0.47,0.05,2.32,0.5,0.63,43.2,0.88,0.93,69.6,15.3,59.1,1.01,0.03,0.06,0.09,12.6,14.7,0.14,11.7,0.07,0.06,0.08,12.6,18.4,74.0,0.54,0.09,0.11,20.7,45.8,71.9,1.51,0.52,0.03,8.7,71.4,0m 44s,1.5,0.6,0.12,28.5,12.0,0.04,0.03,0.58,3.03,0.81,0.72,0.05,2.46
https://www.hltv.org/stats/players/2553/snax?maps=de_vertigo,snax,0.75,0.71,48.5,0.98,1.11,79.2,17.4,104.0,1.06,0.21,0.09,0.12,17.7,15.4,0.16,18.4,0.15,0.08,0.11,16.0,19.5,111.0,0.74,0.12,0.11,23.0,53.5,70.0,2.99,0.47,0.02,11.6,48.4,1m 4s,8.3,0.43,0.16,23.1,13.6,0.04,0.04,0.78,6.83,1.64,0.6,0.05,2.46,de_vertigo,32,0.64,0.73,49.4,1.01,1.07,80.3,17.9,106.6,1.04,0.35,0.08,0.11,17.4,13.6,0.18,20.2,0.26,0.07,0.11,14.4,21.4,110.0,0.65,0.13,0.1,22.3,56.3,66.9,3.02,0.53,0.02,10.5,46.9,1m 3s,12.3,0.4,0.2,26.8,15.3,0.05,0.05,0.81,7.16,1.37,0.53,0.05,3.02,0.77,0.7,47.5,0.95,1.15,78.0,16.9,101.4,1.07,0.2,0.1,0.12,18.0,16.9,0.14,16.5,0.22,0.09,0.12,17.7,17.3,112.0,0.77,0.12,0.12,23.7,50.8,73.4,2.95,0.44,0.02,12.8,50.0,1m 6s,4.0,0.46,0.13,19.0,11.9,0.03,0.03,0.77,6.48,1.92,0.7,0.05,2.04
https://www.hltv.org/stats/players/2553/snax?maps=de_ancient,snax,0.34,0.62,43.8,0.85,0.98,71.3,14.2,91.4,0.88,0.43,0.1,0.13,19.1,26.8,0.17,19.8,0.25,0.09,0.12,18.6,21.5,115.0,0.3,0.08,0.11,19.0,44.3,65.5,2.98,0.51,0.02,11.6,73.9,1m 2s,8.2,0.08,0.05,7.4,3.3,0.01,0.005,0.72,5.57,0.85,0.64,0.05,2.17,de_ancient,32,0.44,0.68,46.8,0.96,1.01,76.7,15.9,99.1,0.92,0.47,0.08,0.12,18.3,27.3,0.19,21.8,0.35,0.08,0.11,16.0,22.5,113.0,0.27,0.09,0.08,17.0,51.1,65.2,3.27,0.53,0.02,9.9,61.1,1m 4s,12.7,0.07,0.06,8.2,3.9,0.01,0.008,0.65,6.33,0.88,0.49,0.04,2.2,0.24,0.56,40.8,0.75,0.94,65.9,12.4,83.6,0.85,0.42,0.12,0.15,19.8,26.5,0.15,17.9,0.32,0.1,0.12,21.9,20.3,118.0,0.41,0.08,0.13,21.0,38.7,65.9,2.68,0.49,0.02,13.3,82.1,1m 0s,3.7,0.1,0.04,6.4,2.8,0.01,0.002,0.77,4.8,0.82,0.8,0.05,2.15
https://www.hltv.org/stats/players/2553/snax?maps=de_anubis,snax,0.13,0.55,39.1,0.76,0.91,64.8,12.7,84.3,0.81,0.16,0.09,0.11,16.3,16.3,0.15,22.8,0.38,0.09,0.12,21.8,22.8,119.0,0.24,0.07,0.12,19.4,36.6,69.8,2.63,0.73,0.03,9.1,100.0,1m 11s,9.2,0.07,0.04,6.6,3.1,0.01,0.003,0.72,5.47,0.4,0.69,0.04,2.05,de_anubis,32,0.13,0.56,39.3,0.83,0.87,66.9,13.9,95.7,0.56,0.29,0.07,0.11,16.9,15.6,0.16,23.8,0.17,0.06,0.08,14.4,22.3,120.0,0.22,0.07,0.12,19.7,36.6,57.7,2.68,0.77,0.03,9.7,100.0,1m 10s,14.2,0.1,0.06,10.9,4.7,0.02,0.006,0.68,6.8,0.28,0.51,0.02,2.61,0.16,0.53,38.9,0.71,0.95,62.7,11.7,76.0,1.06,0.18,0.11,0.1,15.7,17.0,0.14,21.8,0.63,0.12,0.16,29.1,23.3,118.0,0.34,0.07,0.12,19.2,36.5,81.5,2.58,0.68,0.04,8.5,100.0,1m 12s,3.3,0.03,0.01,2.4,1.6,0.003,0.0,0.69,4.23,0.52,0.83,0.05,1.71
https://www.hltv.org/stats/players/7998/s1mple?maps=de_train,s1mple,0.99,0.89,56.5,1.18,1.3,87.6,23.3,104.8,1.22,0.11,0.08,0.1,16.6,16.3,0.1,12.6,0.38,0.1,0.15,16.8,16.5,91.0,0.81,0.14,0.08,21.3,63.6,75.6,2.06,0.76,0.03,12.4,68.3,1m 4s,7.2,0.93,0.39,44.0,27.6,0.11,0.08,0.37,1.69,0.35,0.59,0.03,2.27,de_train,27,0.99,0.95,60.1,1.23,1.4,94.0,25.0,109.6,1.33,0.36,0.07,0.11,19.0,16.3,0.12,13.1,0.45,0.08,0.14,15.0,17.1,92.0,0.84,0.16,0.06,22.1,71.7,75.2,2.06,0.67,0.03,8.7,61.5,1m 1s,10.2,0.93,0.46,51.3,34.2,0.14,0.1,0.18,2.43,0.44,0.32,0.02,1.28,0.96,0.84,53.0,1.13,1.21,81.6,21.7,99.6,1.11,0.07,0.07,0.1,14.8,16.3,0.08,10.8,0.35,0.1,0.16,18.7,15.8,91.0,0.71,0.11,0.09,20.5,55.5,76.2,1.77,0.78,0.04,15.9,73.0,1m 6s,4.9,0.93,0.3,39.1,21.4,0.08,0.05,0.5,1.01,0.27,0.82,0.03,2.65
https://www.hltv.org/stats/players/7998/s1mple?maps=de_nuke,s1mple,0.98,0.86,55.1,1.17,1.25,86.1,23.3,97.8,1.27,0.06,0.07,0.1,14.8,12.2,0.1,12.9,0.35,0.1,0.14,16.6,17.5,87.0,0.84,0.14,0.08,22.1,63.9,75.5,2.33,0.59,0.03,11.7,60.5,1m 0s,7.6,0.72,0.24,27.9,18.1,0.06,0.06,0.34,2.44,0.68,0.51,0.03,2.24,de_nuke,27,0.98,0.94,59.2,1.23,1.4,92.2,25.6,99.6,1.41,0.12,0.05,0.09,15.0,9.1,0.11,12.7,0.25,0.07,0.12,12.4,17.3,84.0,0.95,0.2,0.08,28.1,70.8,75.7,1.94,0.48,0.02,8.2,57.8,0m 57s,14.5,0.86,0.35,43.0,29.7,0.11,0.12,0.19,2.96,0.71,0.26,0.02,2.34,0.94,0.79,51.1,1.1,1.11,80.4,21.1,95.7,1.14,0.07,0.08,0.1,14.6,15.4,0.08,10.3,0.45,0.11,0.17,21.3,17.7,90.0,0.45,0.09,0.08,16.4,52.6,74.9,2.12,0.66,0.03,15.1,63.4,1m 4s,2.4,0.22,0.07,10.1,7.1,0.02,0.02,0.48,1.96,0.61,0.74,0.04,2.2
https://www.hltv.org/stats/players/7998/s1mple?maps=de_inferno,s1mple,0.95,0.82,52.0,1.12,1.23,83.5,21.3,91.0,1.12,0.1,0.08,0.09,15.4,14.2,0.11,16.9,0.38,0.12,0.13,16.0,18.0,84.0,0.88,0.15,0.1,24.6,59.6,73.0,2.28,0.64,0.03,9.4,72.8,1m 5s,12.6,0.79,0.26,32.2,19.4,0.07,0.07,0.54,3.84,0.6,0.61,0.04,2.31,de_inferno,27,0.94,0.86,54.0,1.2,1.31,86.8,23.2,96.0,1.09,0.12,0.05,0.09,14.7,10.8,0.12,16.4,0.19,0.07,0.1,11.7,18.3,84.0,0.91,0.19,0.11,29.5,63.7,69.8,1.99,0.42,0.01,7.1,60.0,1m 4s,20.3,0.83,0.31,43.0,26.5,0.11,0.11,0.5,4.64,0.61,0.42,0.04,2.85,0.91,0.77,49.8,1.04,1.14,79.9,19.3,85.9,1.14,0.11,0.09,0.1,16.0,18.4,0.1,12.7,0.5,0.13,0.16,21.0,17.8,84.0,0.64,0.1,0.09,19.6,53.3,79.0,1.76,0.77,0.04,11.8,85.4,1m 7s,4.4,0.48,0.12,19.3,12.0,0.03,0.02,0.59,2.98,0.52,0.83,0.05,2.04
https://www.hltv.org/stats/players/7998/s1mple?maps=de_mirage,s1mple,0.98,0.86,54.9,1.18,1.26,85.8,23.1,88.0,1.34,0.05,0.08,0.09,13.6,12.5,0.1,13.3,0.22,0.1,0.12,13.4,16.4,76.0,0.85,0.14,0.08,22.4,63.7,75.6,1.98,0.58,0.03,9.8,58.6,0m 53s,8.4,0.93,0.38,44.4,28.5,0.11,0.09,0.31,1.88,0.5,0.52,0.03,1.8,de_mirage,27,0.97,0.91,57.3,1.21,1.35,89.6,24.8,89.1,1.39,0.11,0.05,0.09,14.6,10.6,0.11,11.8,0.16,0.07,0.1,10.6,17.1,75.0,0.9,0.17,0.08,24.8,68.9,74.6,1.54,0.53,0.02,7.5,54.2,0m 50s,13.7,0.93,0.38,55.3,35.3,0.15,0.12,0.22,2.27,0.47,0.34,0.02,1.94,0.96,0.82,52.3,1.15,1.18,81.8,21.3,86.8,1.3,0.03,0.06,0.09,12.7,14.3,0.09,9.5,0.24,0.09,0.13,16.5,15.6,77.0,0.7,0.11,0.09,19.9,57.1,77.1,1.49,0.62,0.04,12.2,64.3,0m 56s,3.7,0.92,0.23,36.6,21.6,0.07,0.06,0.4,1.47,0.42,0.72,0.04,1.73
https://www.hltv.org/stats/players/7998/s1mple?maps=de_dust2,s1mple,0.97,0.83,53.1,1.13,1.23,85.6,21.4,95.7,1.11,0.07,0.08,0.09,14.6,9.6,0.11,15.5,0.17,0.1,0.11,13.6,15.9,87.0,0.9,0.15,0.09,24.2,61.1,76.8,1.94,0.58,0.03,9.9,65.8,1m 1s,10.3,0.93,0.41,49.1,30.1,0.11,0.1,0.54,2.5,0.62,0.74,0.06,2.16,de_dust2,27,0.92,0.85,53.9,1.21,1.28,86.6,22.0,99.8,1.25,0.16,0.06,0.09,15.2,9.2,0.12,14.8,0.17,0.06,0.1,11.8,17.5,85.0,0.91,0.17,0.1,26.7,63.4,76.3,1.67,0.5,0.02,7.7,59.0,0m 59s,16.9,0.92,0.39,54.5,32.6,0.13,0.12,0.6,3.89,0.6,0.63,0.05,2.27,0.96,0.8,52.2,1.05,1.17,84.6,20.8,91.7,0.97,0.05,0.08,0.09,14.1,10.1,0.11,12.2,0.21,0.1,0.12,15.6,14.2,89.0,0.78,0.13,0.09,21.6,58.2,77.6,1.6,0.64,0.03,12.1,73.0,1m 3s,3.2,0.95,0.31,45.5,27.5,0.1,0.08,0.52,1.11,0.47,0.86,0.07,2.09
https://www.hltv.org/stats/players/7998/s1mple?maps=de_vertigo,s1mple,0.4,0.67,44.9,0.9,0.96,69.7,14.3,85.0,0.4,0.15,0.07,0.12,15.8,16.7,0.16,15.3,0.87,0.13,0.17,25.8,28.8,103.0,0.84,0.13,0.12,25.5,52.0,76.9,1.98,0.53,0.02,12.2,-,1m 5s,5.4,0.63,0.22,33.3,13.3,0.05,0.07,0.27,1.44,1.02,0.49,0.02,1.82,de_vertigo,27,0.65,0.78,49.0,1.08,1.06,76.5,18.4,99.3,0.43,0.25,0.06,0.1,14.7,33.3,0.18,20.4,0.79,0.08,0.18,23.7,31.6,99.0,0.69,0.12,0.12,24.5,50.0,100.0,2.2,0.82,0.04,8.2,-,1m 3s,12.5,0.87,0.39,50.0,22.4,0.08,0.12,0.37,2.47,2.04,0.39,0.04,2.5,0.17,0.57,40.8,0.65,0.86,62.9,10.2,64.1,0.37,0.19,0.08,0.14,16.7,0.0,0.14,10.2,0.79,0.18,0.16,28.6,25.0,110.0,0.83,0.14,0.12,26.5,53.8,57.1,1.76,0.2,0.0,16.3,-,1m 6s,0.0,0.18,0.06,10.7,4.1,0.02,0.02,0.2,0.41,0.0,0.59,0.0,1.37
https://www.hltv.org/stats/players/7998/s1mple?maps=de_ancient,s1mple,0.85,0.76,52.2,1.0,1.18,78.8,19.3,101.6,1.46,0.18,0.08,0.11,17.7,24.0,0.1,16.8,0.35,0.1,0.14,18.3,17.2,104.0,0.74,0.13,0.07,19.5,64.0,77.8,2.04,0.38,0.01,10.4,50.0,1m 14s,13.1,0.9,0.32,41.7,22.4,0.08,0.06,0.55,2.67,0.51,0.83,0.05,2.0,de_ancient,27,0.92,0.85,57.4,1.08,1.32,85.4,22.6,107.1,1.53,0.34,0.06,0.1,19.3,29.3,0.11,19.1,0.36,0.08,0.13,14.8,17.5,100.0,0.86,0.16,0.06,21.9,74.8,80.3,2.16,0.3,0.005,7.9,28.6,1m 14s,24.1,0.92,0.46,53.9,32.8,0.11,0.1,0.63,3.95,0.94,0.77,0.06,2.09,0.54,0.64,45.9,0.87,1.01,70.8,15.3,93.0,1.38,0.19,0.11,0.12,16.3,20.0,0.1,14.0,0.5,0.12,0.15,23.8,16.8,110.0,0.37,0.08,0.09,16.7,47.1,71.4,1.88,0.49,0.02,13.4,100.0,1m 14s,3.3,0.5,0.14,22.3,10.0,0.03,0.02,0.52,1.15,0.0,1.05,0.06,1.93
https://www.hltv.org/stats/players/7998/s1mple?maps=de_anubis,s1mple,0.66,0.71,48.6,0.96,1.14,73.2,17.7,96.7,1.12,0.19,0.08,0.11,17.6,27.1,0.14,18.6,0.62,0.11,0.16,22.2,19.9,103.0,0.68,0.12,0.09,20.5,58.3,67.2,1.96,0.63,0.02,12.7,50.0,1m 17s,9.0,0.92,0.35,49.4,25.9,0.08,0.07,0.54,2.42,0.36,0.81,0.06,1.8,de_anubis,27,0.81,0.8,53.5,1.12,1.21,80.8,21.0,109.8,1.19,0.39,0.07,0.1,18.4,34.8,0.14,17.7,0.61,0.08,0.16,20.4,18.1,101.0,0.81,0.15,0.08,23.6,64.1,68.3,2.09,0.7,0.02,10.7,50.0,1m 14s,15.8,0.92,0.43,53.7,31.4,0.11,0.1,0.34,2.93,0.0,0.43,0.03,2.18,0.41,0.63,43.9,0.8,1.07,66.2,14.5,83.9,1.05,0.13,0.09,0.11,16.8,20.0,0.13,19.4,0.6,0.15,0.15,24.3,22.1,106.0,0.46,0.09,0.09,17.6,51.0,65.4,1.84,0.56,0.02,14.5,50.0,1m 20s,3.0,0.91,0.28,44.2,20.8,0.04,0.04,0.58,1.94,0.69,1.15,0.09,1.65
https://www.hltv.org/stats/players/3741/niko?maps=de_train,niko,0.92,0.78,51.3,1.11,1.11,83.2,19.9,100.5,1.36,0.13,0.07,0.11,16.4,18.8,0.12,13.0,0.35,0.1,0.14,17.7,17.2,97.0,0.82,0.13,0.11,24.1,54.9,72.5,2.67,0.45,0.02,9.2,60.4,0m 56s,3.8,0.14,0.09,11.3,6.2,0.02,0.02,0.53,4.21,0.63,0.58,0.03,2.21,de_train,28,0.96,0.87,55.3,1.16,1.27,91.4,22.7,104.9,1.61,0.27,0.06,0.11,16.9,18.5,0.15,13.6,0.43,0.08,0.14,15.9,18.3,96.0,0.84,0.15,0.09,24.6,62.0,75.0,2.66,0.38,0.01,7.2,55.6,0m 57s,6.7,0.19,0.13,17.1,10.2,0.03,0.03,0.46,5.72,0.8,0.41,0.01,1.48,0.74,0.69,47.1,1.04,0.96,74.8,17.2,95.0,1.12,0.12,0.07,0.12,16.0,19.1,0.1,10.1,0.32,0.1,0.14,20.1,15.8,98.0,0.69,0.11,0.12,23.5,47.4,69.0,2.17,0.52,0.03,11.2,65.4,0m 56s,1.3,0.05,0.02,3.6,2.2,0.004,0.006,0.58,2.66,0.45,0.76,0.05,2.6
https://www.hltv.org/stats/players/3741/niko?maps=de_nuke,niko,0.95,0.79,51.2,1.1,1.14,87.5,20.3,105.1,1.18,0.08,0.07,0.1,15.2,14.4,0.15,14.8,0.17,0.09,0.11,14.3,15.8,100.0,0.91,0.16,0.13,29.7,55.0,73.8,2.92,0.47,0.02,9.7,56.5,0m 58s,7.0,0.01,0.01,1.6,0.8,0.003,0.003,0.6,4.53,0.6,0.59,0.02,3.0,de_nuke,28,0.98,0.87,55.4,1.17,1.29,98.3,23.4,113.6,1.17,0.12,0.05,0.09,14.8,10.5,0.19,16.6,0.12,0.06,0.09,10.4,16.4,103.0,0.94,0.21,0.11,32.0,65.0,74.5,3.12,0.36,0.01,6.5,34.2,0m 59s,12.4,0.0,0.01,1.1,0.7,0.002,0.003,0.63,6.83,0.78,0.41,0.01,4.25,0.76,0.7,46.7,1.02,0.99,76.1,17.1,94.1,1.19,0.12,0.09,0.11,15.6,17.3,0.11,11.0,0.32,0.11,0.14,19.3,15.0,97.0,0.75,0.12,0.16,27.3,42.7,72.5,2.14,0.57,0.03,12.9,74.5,0m 58s,2.5,0.03,0.01,1.8,1.0,0.003,0.003,0.51,2.08,0.35,0.79,0.04,2.35
https://www.hltv.org/stats/players/3741/niko?maps=de_inferno,niko,0.88,0.75,48.9,1.01,1.13,82.9,19.0,90.5,1.29,0.15,0.09,0.1,16.1,17.5,0.15,19.1,0.25,0.11,0.11,14.9,17.4,94.0,0.86,0.14,0.11,25.3,55.3,73.6,3.04,0.5,0.02,9.3,59.8,1m 3s,8.3,0.06,0.04,4.8,2.7,0.008,0.007,0.81,8.71,1.14,0.64,0.05,2.35,de_inferno,28,0.9,0.81,51.3,1.08,1.25,89.5,21.1,94.0,1.33,0.13,0.06,0.08,14.5,15.6,0.18,19.5,0.21,0.07,0.1,11.9,18.9,94.0,0.86,0.16,0.09,25.2,63.1,72.3,2.94,0.57,0.02,8.8,57.3,1m 2s,13.4,0.06,0.05,6.9,3.6,0.01,0.01,0.88,11.28,1.57,0.54,0.05,2.96,0.74,0.69,46.3,0.94,1.01,76.1,16.8,86.7,1.26,0.19,0.1,0.12,17.5,18.8,0.12,13.8,0.3,0.12,0.13,18.5,15.6,95.0,0.78,0.12,0.13,25.5,47.1,75.5,2.27,0.46,0.02,9.9,66.7,1m 3s,3.3,0.05,0.02,3.6,1.8,0.004,0.002,0.77,6.06,0.57,0.77,0.05,1.92
https://www.hltv.org/stats/players/3741/niko?maps=de_mirage,niko,0.97,0.81,52.0,1.13,1.17,87.2,21.0,96.9,1.27,0.08,0.08,0.1,14.8,15.1,0.14,14.1,0.16,0.09,0.11,13.9,15.6,90.0,0.87,0.14,0.11,25.2,55.4,74.7,2.81,0.45,0.02,8.3,59.4,0m 54s,5.1,0.08,0.05,5.9,3.4,0.01,0.01,0.48,3.54,0.69,0.61,0.03,1.84,de_mirage,28,0.98,0.88,54.8,1.2,1.27,96.3,23.6,105.5,1.41,0.22,0.07,0.1,15.8,14.4,0.18,13.4,0.21,0.07,0.1,11.7,16.3,93.0,0.9,0.18,0.12,29.4,60.1,74.3,2.7,0.34,0.01,5.4,49.2,0m 52s,8.5,0.06,0.03,4.4,3.8,0.02,0.01,0.38,4.92,0.85,0.36,0.02,2.14,0.87,0.75,49.3,1.06,1.07,78.6,18.6,88.2,1.13,0.05,0.07,0.1,14.0,15.8,0.1,11.1,0.17,0.08,0.12,16.3,14.8,88.0,0.64,0.1,0.11,21.2,49.4,75.5,2.03,0.54,0.03,11.1,69.1,0m 56s,2.3,0.09,0.03,5.4,3.1,0.01,0.006,0.49,2.23,0.48,0.82,0.04,1.71
https://www.hltv.org/stats/players/3741/niko?maps=de_dust2,niko,0.96,0.8,51.4,1.1,1.17,86.6,20.8,98.3,1.22,0.16,0.09,0.11,16.1,17.7,0.14,15.0,0.21,0.1,0.11,14.1,16.0,93.0,0.88,0.15,0.12,26.2,55.6,72.5,2.62,0.33,0.02,7.3,61.8,0m 58s,7.3,0.41,0.16,19.8,12.4,0.04,0.04,0.7,4.54,0.62,0.85,0.05,1.89,de_dust2,28,0.91,0.83,53.3,1.14,1.24,91.2,20.9,105.1,1.28,0.2,0.06,0.1,15.6,16.1,0.16,15.5,0.19,0.07,0.1,11.8,16.4,95.0,0.88,0.17,0.1,26.7,62.7,71.0,2.42,0.34,0.01,5.9,63.4,0m 57s,12.5,0.58,0.22,31.0,19.8,0.07,0.07,0.83,7.5,0.8,0.68,0.06,2.01,0.94,0.78,49.6,1.07,1.11,82.1,20.7,91.7,1.17,0.15,0.09,0.12,16.5,18.8,0.12,11.2,0.25,0.1,0.13,16.5,15.5,91.0,0.8,0.12,0.13,25.7,48.6,74.4,2.12,0.35,0.02,8.6,59.3,0m 58s,2.3,0.16,0.06,8.4,5.3,0.02,0.02,0.52,1.72,0.4,0.99,0.04,1.81
https://www.hltv.org/stats/players/3741/niko?maps=de_vertigo,niko,0.76,0.7,47.7,0.97,1.08,79.4,18.0,103.8,1.13,0.16,0.08,0.11,16.6,19.8,0.15,17.2,0.24,0.09,0.12,17.3,18.4,113.0,0.76,0.12,0.13,25.1,49.7,70.3,2.94,0.61,0.02,11.5,76.7,1m 7s,7.1,0.03,0.02,3.0,1.5,0.005,0.003,0.75,6.18,1.1,0.63,0.04,2.44,de_vertigo,28,0.58,0.7,47.5,1.0,1.03,78.9,17.8,104.4,1.03,0.49,0.08,0.13,19.2,20.2,0.17,19.1,0.23,0.06,0.1,14.8,21.7,113.0,0.75,0.13,0.12,25.2,53.6,74.1,3.06,0.56,0.02,9.6,73.7,1m 9s,11.5,0.02,0.02,3.1,1.3,0.005,0.004,0.87,7.98,1.23,0.64,0.04,2.72,0.84,0.71,47.8,0.93,1.14,80.0,18.3,103.0,1.23,0.09,0.09,0.1,13.8,19.5,0.13,15.2,0.42,0.13,0.14,20.1,14.7,113.0,0.7,0.11,0.14,25.0,45.3,65.1,2.8,0.65,0.03,13.6,81.8,1m 5s,2.1,0.04,0.02,2.9,1.6,0.004,0.001,0.64,4.14,0.96,0.69,0.03,2.19
https://www.hltv.org/stats/players/3741/niko?maps=de_ancient,niko,0.95,0.79,50.4,1.09,1.24,86.9,20.5,111.9,1.37,0.31,0.09,0.12,19.2,22.9,0.18,17.9,0.44,0.11,0.14,17.9,21.2,109.0,0.83,0.13,0.11,24.6,54.2,73.2,3.11,0.49,0.02,11.3,71.0,1m 6s,7.5,0.01,0.01,1.4,0.8,0.002,0.002,0.65,5.72,0.66,0.57,0.03,2.13,de_ancient,28,0.94,0.84,51.4,1.16,1.25,91.2,22.1,118.2,1.39,0.45,0.08,0.12,19.0,25.9,0.19,19.9,0.55,0.1,0.13,16.0,22.8,109.0,0.8,0.15,0.09,23.4,62.3,71.9,3.44,0.39,0.01,9.6,60.0,1m 6s,9.8,0.01,0.01,1.8,1.2,0.002,0.003,0.78,6.98,0.55,0.6,0.04,2.4,0.9,0.75,49.3,1.0,1.22,82.2,18.7,104.9,1.35,0.28,0.1,0.13,19.4,20.8,0.16,15.7,0.44,0.12,0.15,20.4,19.2,110.0,0.77,0.12,0.14,25.9,46.1,75.0,2.73,0.58,0.03,13.2,81.2,1m 5s,5.1,0.01,0.01,0.9,0.4,0.002,0.0,0.55,4.32,0.79,0.61,0.02,1.86
https://www.hltv.org/stats/players/3741/niko?maps=de_anubis,niko,0.8,0.73,48.0,0.98,1.15,79.5,18.3,99.2,1.24,0.55,0.1,0.14,21.3,25.8,0.2,20.0,0.62,0.13,0.15,20.7,23.9,109.0,0.65,0.11,0.11,22.7,49.6,70.6,2.89,0.4,0.01,10.0,50.0,1m 11s,8.3,0.01,0.01,1.6,1.0,0.002,0.003,0.73,5.95,0.8,0.66,0.04,1.89,de_anubis,28,0.82,0.79,51.2,1.1,1.18,86.0,19.3,112.4,1.32,0.62,0.09,0.14,21.6,19.6,0.22,19.9,0.74,0.11,0.16,19.6,23.7,108.0,0.64,0.12,0.1,22.6,55.2,68.1,3.23,0.44,0.01,10.1,40.0,1m 12s,14.9,0.0,0.01,0.7,0.5,0.0,0.002,0.8,6.8,0.9,0.57,0.05,2.77,0.68,0.66,44.9,0.86,1.12,73.1,17.3,87.1,1.15,0.46,0.12,0.14,21.1,30.6,0.18,20.1,0.51,0.14,0.15,22.0,24.1,110.0,0.61,0.1,0.13,22.7,44.2,73.7,2.55,0.39,0.02,9.9,57.1,1m 10s,1.5,0.04,0.02,2.7,1.4,0.004,0.004,0.65,5.12,0.7,0.72,0.03,1.18
https://www.hltv.org/stats/players/3972/hunter?maps=de_train,hunter,0.83,0.73,49.0,1.03,1.12,81.6,18.3,107.3,1.14,0.51,0.1,0.14,20.8,26.5,0.15,16.1,0.42,0.1,0.14,19.7,18.6,111.0,0.62,0.11,0.09,20.3,53.2,78.5,3.11,0.43,0.02,8.0,61.5,1m 1s,5.0,0.01,0.01,1.7,1.1,0.002,0.0004,0.58,5.67,1.09,0.54,0.02,1.7,de_train,29,0.78,0.76,50.7,1.04,1.12,84.6,19.3,106.3,1.07,0.43,0.07,0.12,19.1,20.3,0.16,18.5,0.47,0.08,0.13,17.6,19.4,111.0,0.49,0.11,0.09,19.4,54.9,78.0,3.28,0.35,0.01,6.5,58.3,1m 0s,8.3,0.01,0.02,2.3,1.4,0.003,0.0008,0.57,6.94,1.21,0.43,0.01,1.77,0.8,0.7,47.3,1.02,1.12,78.5,17.3,108.4,1.21,0.57,0.12,0.16,22.3,31.8,0.13,13.7,0.46,0.12,0.15,22.0,17.7,112.0,0.69,0.11,0.1,21.2,51.6,79.0,2.94,0.5,0.03,9.5,66.7,1m 2s,2.1,0.01,0.01,1.0,0.7,0.0008,0.0,0.57,4.4,0.96,0.64,0.02,1.65
https://www.hltv.org/stats/players/3972/hunter?maps=de_nuke,hunter,0.88,0.76,50.0,1.04,1.16,81.9,19.4,104.9,1.16,0.5,0.1,0.14,21.0,23.7,0.15,16.1,0.54,0.11,0.16,20.6,18.9,108.0,0.68,0.11,0.1,21.4,53.0,78.2,3.22,0.5,0.02,8.9,68.2,1m 4s,4.6,0.0,0.0,0.2,0.2,0.0002,0.0,0.54,5.12,0.98,0.5,0.03,2.26,de_nuke,29,0.92,0.82,53.8,1.07,1.22,89.3,21.9,108.2,1.19,0.65,0.09,0.14,21.8,23.9,0.18,18.7,0.5,0.09,0.14,16.6,19.6,108.0,0.72,0.13,0.09,21.9,60.1,79.1,3.66,0.41,0.01,5.8,67.7,1m 3s,8.1,0.0,0.0,0.2,0.1,0.0003,0.0,0.38,6.69,1.28,0.26,0.007,1.65,0.71,0.69,46.0,1.0,1.08,74.1,16.8,100.5,1.13,0.37,0.11,0.15,20.3,23.6,0.11,13.3,0.64,0.13,0.18,25.8,17.9,108.0,0.56,0.09,0.11,20.9,45.1,76.9,2.75,0.59,0.03,12.2,68.6,1m 5s,1.9,0.0,0.0,0.2,0.3,0.0,0.0,0.65,3.46,0.66,0.77,0.05,2.46
https://www.hltv.org/stats/players/3972/hunter?maps=de_inferno,hunter,0.89,0.76,49.8,1.02,1.12,82.7,19.5,104.0,1.22,0.56,0.11,0.14,21.1,24.0,0.15,18.4,0.55,0.12,0.15,20.0,19.2,109.0,0.64,0.11,0.09,19.7,56.5,75.4,3.13,0.49,0.02,8.4,60.4,1m 13s,8.6,0.0,0.0,0.5,0.3,0.0005,0.0002,0.71,5.43,1.08,0.63,0.05,2.13,de_inferno,29,0.9,0.82,52.7,1.09,1.22,89.0,21.2,111.0,1.24,0.62,0.09,0.13,21.0,22.3,0.17,20.5,0.47,0.09,0.13,15.8,20.8,108.0,0.68,0.13,0.07,20.6,63.9,71.1,3.54,0.42,0.01,6.1,47.9,1m 11s,15.3,0.0,0.0,0.5,0.3,0.0006,0.0004,0.79,7.97,1.28,0.47,0.05,3.04,0.78,0.7,46.9,0.94,1.02,76.6,17.8,97.2,1.2,0.48,0.13,0.14,21.1,25.2,0.12,16.3,0.64,0.14,0.17,24.8,17.3,109.0,0.53,0.09,0.1,18.9,48.6,81.5,2.68,0.55,0.03,10.7,71.7,1m 14s,1.9,0.0,0.0,0.6,0.4,0.0004,0.0,0.53,2.92,0.84,0.78,0.04,1.59
https://www.hltv.org/stats/players/3972/hunter?maps=de_mirage,hunter,0.94,0.79,51.6,1.07,1.14,85.4,20.2,108.9,1.13,0.37,0.09,0.13,19.9,22.9,0.14,15.7,0.42,0.1,0.15,18.8,18.0,107.0,0.61,0.11,0.1,20.5,53.1,74.6,3.23,0.45,0.02,9.1,53.1,1m 3s,6.4,0.01,0.01,1.6,1.0,0.003,0.002,0.72,5.83,1.35,0.66,0.03,1.8,de_mirage,29,0.92,0.83,53.9,1.11,1.24,89.9,21.6,111.7,1.16,0.47,0.08,0.12,19.4,24.5,0.16,18.7,0.49,0.09,0.14,16.6,20.3,107.0,0.54,0.11,0.07,18.9,60.4,74.0,3.64,0.42,0.01,8.6,42.2,1m 4s,12.2,0.01,0.02,2.2,1.4,0.005,0.004,0.69,8.45,1.91,0.43,0.03,2.46,0.89,0.75,49.4,1.03,1.05,81.1,18.8,106.1,1.1,0.33,0.1,0.14,20.2,21.9,0.12,12.6,0.43,0.11,0.16,21.1,15.5,108.0,0.64,0.1,0.12,22.0,47.1,75.2,2.8,0.47,0.03,9.7,62.3,1m 3s,1.4,0.01,0.01,0.9,0.6,0.001,0.0,0.59,3.33,0.78,0.86,0.03,1.47
https://www.hltv.org/stats/players/3972/hunter?maps=de_dust2,hunter,0.81,0.73,47.5,1.03,1.08,79.6,18.7,102.0,1.08,0.38,0.1,0.13,19.3,25.1,0.13,16.8,0.37,0.1,0.13,18.4,18.6,106.0,0.56,0.1,0.1,19.9,51.8,76.1,2.99,0.42,0.02,8.1,58.9,1m 5s,7.0,0.01,0.01,1.4,0.9,0.001,0.002,0.78,5.54,1.04,0.74,0.04,2.32,de_dust2,29,0.8,0.77,49.2,1.11,1.16,85.0,19.8,110.1,1.19,0.39,0.08,0.11,18.0,23.6,0.15,19.1,0.39,0.08,0.12,15.6,19.6,108.0,0.57,0.12,0.09,20.5,56.8,73.6,3.27,0.37,0.01,6.9,58.3,1m 4s,12.2,0.0,0.01,1.5,0.8,0.002,0.002,0.77,8.04,1.47,0.48,0.04,2.73,0.74,0.69,45.9,0.96,1.0,74.3,17.6,94.5,0.97,0.39,0.11,0.14,20.5,26.4,0.11,13.9,0.42,0.12,0.15,21.3,17.6,104.0,0.52,0.09,0.1,19.4,46.7,79.2,2.54,0.47,0.02,9.2,59.4,1m 6s,1.8,0.01,0.01,1.4,0.9,0.001,0.001,0.66,3.14,0.63,0.97,0.04,2.13
https://www.hltv.org/stats/players/3972/hunter?maps=de_vertigo,hunter,0.88,0.75,48.8,1.05,1.15,82.3,19.5,106.9,1.2,0.45,0.1,0.13,20.2,25.6,0.14,16.4,0.52,0.11,0.15,19.8,18.0,109.0,0.63,0.11,0.1,21.1,51.3,77.5,3.19,0.37,0.01,8.2,56.0,1m 8s,6.7,0.0,0.0,0.5,0.3,0.0007,0.0,0.79,6.37,0.94,0.74,0.03,2.03,de_vertigo,29,0.83,0.78,49.4,1.06,1.11,85.5,20.4,108.9,1.17,0.4,0.07,0.12,18.2,20.2,0.17,18.2,0.73,0.12,0.15,19.7,20.0,110.0,0.45,0.1,0.08,18.8,55.2,73.6,3.55,0.48,0.02,7.0,71.4,1m 10s,11.2,0.0,0.01,0.7,0.5,0.0007,0.0,0.84,8.86,1.11,0.58,0.03,2.69,0.86,0.73,48.2,1.03,1.18,79.2,18.5,105.0,1.23,0.51,0.12,0.15,22.0,29.4,0.12,14.6,0.37,0.11,0.15,19.9,16.0,108.0,0.74,0.11,0.12,23.4,48.2,81.0,2.85,0.33,0.01,9.5,50.0,1m 6s,2.0,0.0,0.0,0.4,0.2,0.0006,0.0,0.66,3.91,0.78,0.89,0.03,1.6
https://www.hltv.org/stats/players/3972/hunter?maps=de_ancient,hunter,0.75,0.71,47.7,1.0,1.12,79.9,17.2,104.1,1.14,0.41,0.09,0.13,20.1,24.9,0.19,20.3,0.56,0.11,0.15,20.7,23.5,112.0,0.49,0.1,0.08,18.3,53.7,75.0,3.26,0.48,0.02,9.0,83.3,1m 5s,7.0,0.0,0.0,0.3,0.2,0.0004,0.0,0.86,7.15,0.88,0.76,0.05,2.35,de_ancient,29,0.75,0.76,49.2,1.06,1.13,85.5,18.5,112.1,1.09,0.45,0.07,0.12,18.9,25.5,0.22,21.8,0.66,0.1,0.14,19.0,23.5,113.0,0.45,0.1,0.09,19.2,53.9,72.6,3.66,0.46,0.02,6.4,77.8,1m 4s,10.9,0.0,0.0,0.4,0.3,0.0008,0.0,0.92,9.45,1.25,0.71,0.06,2.62,0.63,0.67,46.1,0.92,1.11,73.8,15.6,95.0,1.19,0.43,0.11,0.15,21.2,24.1,0.15,18.6,0.52,0.13,0.15,22.7,23.6,110.0,0.52,0.09,0.08,17.3,53.5,78.0,2.81,0.52,0.03,11.9,88.9,1m 6s,2.9,0.0,0.0,0.1,0.1,0.0,0.0,0.78,4.61,0.46,0.89,0.05,2.14
https://www.hltv.org/stats/players/3972/hunter?maps=de_anubis,hunter,0.32,0.62,43.9,0.81,1.02,69.3,14.2,85.3,1.23,0.56,0.1,0.14,22.1,22.4,0.17,22.4,0.68,0.12,0.15,23.6,27.3,111.0,0.31,0.08,0.09,17.5,47.0,73.8,2.73,0.47,0.02,10.2,50.0,1m 11s,9.6,0.0,0.01,1.2,0.8,0.0,0.0,0.76,6.31,1.2,0.68,0.04,1.79,de_anubis,29,0.21,0.61,43.2,0.87,0.96,69.7,14.2,87.8,1.11,0.51,0.08,0.12,20.2,19.0,0.18,23.9,0.65,0.09,0.13,20.5,28.0,113.0,0.41,0.1,0.09,19.5,51.3,70.5,2.84,0.46,0.01,8.7,66.7,1m 11s,15.3,0.0,0.01,1.3,0.8,0.0,0.0,0.72,7.76,1.64,0.52,0.03,1.55,0.45,0.63,44.5,0.76,1.08,69.0,14.1,83.0,1.34,0.58,0.13,0.16,23.7,25.9,0.17,21.0,0.68,0.14,0.17,26.5,26.7,109.0,0.28,0.07,0.09,15.7,42.0,78.6,2.63,0.48,0.02,11.8,40.0,1m 12s,3.5,0.01,0.01,1.0,0.8,0.0,0.0,0.75,4.91,0.78,0.82,0.05,1.94
https://www.hltv.org/stats/players/11617/malbsmd?maps=de_train,malbsmd,0.82,0.74,48.5,1.07,1.08,78.2,19.0,107.9,1.06,0.51,0.1,0.14,20.0,22.6,0.12,12.1,0.44,0.11,0.14,19.4,17.8,106.0,0.65,0.11,0.14,24.9,45.3,68.2,2.52,0.38,0.02,7.9,61.9,0m 55s,2.2,0.0,0.0,0.4,0.3,0.0,0.0,0.26,3.48,0.75,0.33,0.02,2.45,de_train,22,0.84,0.79,51.1,1.12,1.07,83.6,21.3,111.9,1.03,0.23,0.07,0.11,15.5,13.4,0.13,13.4,0.5,0.11,0.12,15.6,20.3,105.0,0.66,0.13,0.12,24.8,50.5,68.7,2.9,0.57,0.02,9.4,64.3,0m 54s,3.4,0.0,0.01,0.6,0.5,0.0,0.0,0.22,4.08,0.76,0.2,0.02,2.3,0.72,0.69,46.3,1.03,1.08,73.7,17.0,104.4,1.08,0.69,0.13,0.18,23.6,29.0,0.11,11.0,0.45,0.11,0.16,23.0,15.4,106.0,0.63,0.1,0.15,25.1,41.0,67.7,2.21,0.28,0.02,6.6,57.1,0m 56s,1.3,0.0,0.0,0.2,0.1,0.0,0.0,0.35,2.97,0.75,0.4,0.02,2.53
https://www.hltv.org/stats/players/11617/malbsmd?maps=de_nuke,malbsmd,0.78,0.73,49.0,1.01,1.08,77.6,18.2,101.5,1.05,0.49,0.11,0.14,19.7,25.8,0.12,15.1,0.42,0.11,0.14,18.6,18.1,106.0,0.62,0.11,0.1,21.1,52.6,70.7,2.62,0.5,0.02,9.5,60.0,1m 0s,3.7,0.0,0.0,0.1,0.1,0.0003,0.0,0.29,3.95,0.68,0.31,0.02,2.46,de_nuke,22,0.81,0.79,52.0,1.02,1.14,83.0,20.3,102.7,1.06,0.36,0.07,0.11,17.8,21.2,0.14,19.0,0.2,0.07,0.1,12.7,18.2,105.0,0.6,0.12,0.07,19.7,62.0,69.7,2.86,0.69,0.03,9.0,59.4,1m 2s,6.5,0.0,0.0,0.1,0.1,0.0,0.0,0.29,4.89,0.77,0.24,0.02,2.4,0.62,0.67,45.8,1.0,1.01,71.8,15.9,99.7,1.05,0.61,0.14,0.17,21.3,28.7,0.1,10.8,0.73,0.16,0.18,26.2,18.1,107.0,0.6,0.1,0.13,22.7,43.8,72.1,2.36,0.36,0.02,10.1,61.5,0m 59s,1.4,0.0,0.0,0.2,0.1,0.0005,0.0,0.34,2.92,0.57,0.4,0.02,2.5
https://www.hltv.org/stats/players/11617/malbsmd?maps=de_inferno,malbsmd,0.88,0.75,47.0,1.07,1.16,81.5,19.9,108.9,1.31,0.83,0.12,0.17,24.3,26.4,0.16,17.1,0.38,0.11,0.13,17.6,19.1,109.0,0.9,0.15,0.13,28.5,53.1,75.1,2.88,0.38,0.02,7.2,58.8,1m 6s,6.5,0.0,0.0,0.6,0.4,0.001,0.0004,0.62,8.6,1.58,0.46,0.03,2.27,de_inferno,22,0.82,0.77,48.7,1.09,1.16,84.2,20.8,109.8,1.17,0.69,0.1,0.14,21.5,22.8,0.19,21.5,0.39,0.09,0.12,15.0,22.6,109.0,0.85,0.15,0.1,25.6,60.4,74.8,3.21,0.57,0.02,8.1,55.3,1m 7s,10.7,0.0,0.01,0.8,0.5,0.001,0.0007,0.74,11.21,2.21,0.41,0.04,2.8,0.85,0.72,45.1,1.04,1.16,78.6,18.9,108.0,1.44,0.85,0.15,0.2,26.9,28.7,0.12,12.4,0.47,0.14,0.15,20.5,15.1,110.0,0.87,0.15,0.17,31.6,46.8,75.4,2.53,0.28,0.01,6.3,69.2,1m 4s,2.1,0.0,0.0,0.4,0.2,0.0007,0.0,0.58,5.79,0.9,0.53,0.02,1.85
https://www.hltv.org/stats/players/11617/malbsmd?maps=de_mirage,malbsmd,0.93,0.79,51.9,1.08,1.19,84.1,20.1,109.0,1.24,0.64,0.11,0.15,22.1,24.0,0.14,13.5,0.36,0.1,0.14,17.9,18.6,107.0,0.84,0.13,0.12,25.2,53.0,75.2,2.69,0.35,0.02,7.4,71.4,0m 58s,3.1,0.0,0.0,0.3,0.2,0.0002,0.0,0.55,4.34,1.0,0.57,0.03,2.19,de_mirage,22,0.9,0.82,52.7,1.09,1.19,87.7,21.4,110.9,1.2,0.43,0.08,0.12,18.5,17.9,0.17,17.6,0.3,0.07,0.12,14.2,19.7,108.0,0.73,0.13,0.09,22.0,60.9,76.4,2.93,0.46,0.02,8.0,72.0,0m 59s,5.8,0.0,0.0,0.2,0.1,0.0004,0.0,0.65,5.44,1.1,0.49,0.04,2.91,0.9,0.76,51.0,1.07,1.18,80.7,18.8,107.1,1.28,0.72,0.13,0.19,25.0,27.4,0.12,9.5,0.51,0.12,0.17,21.8,17.4,106.0,0.83,0.13,0.15,28.2,47.0,74.0,2.46,0.29,0.02,6.9,70.0,0m 57s,0.6,0.0,0.0,0.4,0.3,0.0,0.0,0.47,3.28,0.9,0.64,0.03,1.64
https://www.hltv.org/stats/players/11617/malbsmd?maps=de_dust2,malbsmd,0.74,0.72,46.8,1.01,1.09,77.2,17.8,103.7,1.31,0.77,0.12,0.16,22.3,31.3,0.15,14.8,0.31,0.1,0.13,17.6,20.0,108.0,0.69,0.11,0.11,22.6,50.6,74.3,2.54,0.46,0.02,6.9,83.3,1m 1s,4.8,0.0,0.0,0.6,0.3,0.001,0.0,0.6,4.04,1.02,0.63,0.05,2.41,de_dust2,22,0.64,0.73,46.8,1.06,1.05,79.6,18.3,108.9,1.21,0.61,0.1,0.13,19.5,20.5,0.17,17.6,0.41,0.09,0.12,16.0,21.0,109.0,0.5,0.11,0.09,19.7,56.1,67.3,2.76,0.64,0.02,7.1,84.6,1m 1s,8.2,0.0,0.0,0.5,0.4,0.0,0.0,0.61,5.75,1.42,0.47,0.04,2.22,0.76,0.71,46.7,0.97,1.13,74.9,17.3,99.0,1.41,0.78,0.14,0.18,24.7,38.1,0.14,12.0,0.35,0.12,0.14,19.2,18.9,106.0,0.78,0.12,0.14,25.5,46.5,80.7,2.32,0.34,0.02,6.6,81.8,1m 0s,1.3,0.01,0.01,0.8,0.2,0.002,0.0,0.56,2.37,0.62,0.77,0.05,2.52
https://www.hltv.org/stats/players/11617/malbsmd?maps=de_vertigo,malbsmd,0.91,0.76,49.7,1.04,1.18,83.4,20.0,108.3,1.58,0.81,0.11,0.18,25.5,27.6,0.18,16.3,0.45,0.12,0.14,18.2,22.1,109.0,0.74,0.12,0.12,24.3,49.2,74.8,2.86,0.55,0.03,8.1,66.7,1m 0s,3.8,0.0,0.0,0.2,0.2,0.0,0.0,0.59,5.83,1.03,0.46,0.04,2.47,de_vertigo,22,0.78,0.77,49.5,1.08,1.07,81.2,20.5,105.2,1.81,0.74,0.09,0.16,22.7,26.1,0.17,17.7,0.83,0.13,0.16,20.3,27.6,105.0,0.66,0.13,0.11,24.2,52.7,64.9,2.86,0.75,0.03,7.8,20.0,0m 59s,5.4,0.0,0.0,0.2,0.2,0.0,0.0,0.57,6.48,1.32,0.39,0.03,2.61,0.93,0.76,49.9,1.01,1.27,85.4,19.4,110.7,1.36,0.79,0.13,0.19,28.0,28.7,0.18,15.0,0.24,0.1,0.12,16.3,16.9,113.0,0.75,0.11,0.13,24.4,46.0,85.1,2.85,0.36,0.02,8.3,90.0,1m 1s,1.9,0.0,0.0,0.2,0.2,0.0,0.0,0.6,5.24,0.76,0.49,0.04,2.37
https://www.hltv.org/stats/players/11617/malbsmd?maps=de_ancient,malbsmd,0.92,0.77,49.4,1.05,1.18,84.2,20.0,110.4,1.24,0.64,0.12,0.15,20.9,25.2,0.19,16.0,0.52,0.11,0.15,19.4,22.0,110.0,0.86,0.15,0.14,29.4,50.9,69.9,2.87,0.29,0.01,6.7,68.2,0m 58s,4.6,0.0,0.0,0.2,0.1,0.0003,0.0,0.58,5.71,0.73,0.49,0.03,2.2,de_ancient,22,0.89,0.8,51.6,1.08,1.17,88.5,21.4,113.7,1.15,0.7,0.11,0.14,20.2,25.6,0.22,18.9,0.67,0.1,0.15,19.0,23.1,111.0,0.79,0.14,0.12,26.2,55.1,69.9,3.27,0.3,0.01,6.8,69.2,0m 58s,7.4,0.0,0.0,0.1,0.1,0.0,0.0,0.71,7.64,1.05,0.47,0.04,2.39,0.87,0.73,47.2,1.03,1.18,79.9,18.6,106.9,1.32,0.54,0.13,0.16,21.6,24.9,0.16,13.1,0.44,0.13,0.15,20.0,20.7,109.0,0.87,0.15,0.17,32.6,47.5,69.8,2.48,0.3,0.02,6.6,66.7,0m 57s,2.0,0.0,0.0,0.3,0.1,0.0007,0.0,0.45,3.78,0.42,0.52,0.03,2.03
https://www.hltv.org/stats/players/11617/malbsmd?maps=de_anubis,malbsmd,0.8,0.74,49.2,0.98,1.17,80.3,17.7,103.8,1.41,0.93,0.14,0.18,25.9,31.4,0.19,18.8,0.45,0.12,0.14,18.3,24.1,109.0,0.85,0.14,0.11,25.3,55.8,69.8,2.72,0.36,0.01,9.3,60.0,1m 9s,7.2,0.0,0.0,0.3,0.2,0.0,0.0,0.47,4.33,0.57,0.54,0.02,1.63,de_anubis,22,0.81,0.78,50.8,1.05,1.13,83.6,20.2,105.6,1.33,0.61,0.09,0.14,19.8,32.4,0.19,21.1,0.68,0.11,0.14,18.1,25.3,107.0,0.76,0.15,0.07,22.1,66.1,63.9,2.89,0.44,0.01,11.7,75.0,1m 9s,11.3,0.0,0.0,0.5,0.4,0.0,0.0,0.45,5.84,0.4,0.38,0.01,2.14,0.71,0.7,47.8,0.93,1.21,77.4,15.5,102.4,1.5,0.94,0.18,0.22,31.1,30.9,0.2,16.9,0.34,0.12,0.13,18.6,22.9,111.0,0.85,0.14,0.14,28.1,48.7,75.3,2.57,0.33,0.02,7.1,50.0,1m 8s,2.8,0.0,0.0,0.0,-,0.0,0.0,0.42,3.01,0.71,0.63,0.03,1.32
https://www.hltv.org/stats/players/19230/m0nesy?maps=de_train,m0nesy,0.91,0.78,51.5,1.07,1.23,81.6,20.3,105.6,0.97,0.2,0.07,0.12,18.8,19.7,0.12,15.2,0.3,0.08,0.14,18.0,15.6,104.0,0.88,0.15,0.09,23.7,62.5,74.5,2.03,0.62,0.03,11.3,50.0,1m 6s,6.4,0.92,0.38,48.5,25.3,0.09,0.07,0.28,2.41,0.0,0.42,0.03,3.01,de_train,20,0.9,0.83,54.5,1.12,1.27,85.7,21.6,107.3,1.0,0.53,0.07,0.12,21.5,26.9,0.16,18.4,0.35,0.07,0.13,15.4,17.5,103.0,0.89,0.17,0.08,24.2,68.7,77.2,2.14,0.45,0.01,8.2,33.3,1m 4s,11.2,0.92,0.46,55.4,29.4,0.12,0.08,0.11,3.24,0.0,0.19,0.01,1.94,0.87,0.74,48.9,1.02,1.2,78.1,19.2,103.8,0.94,0.09,0.06,0.11,16.8,15.0,0.08,12.5,0.35,0.1,0.15,20.5,13.8,105.0,0.81,0.13,0.1,23.2,57.0,71.7,1.95,0.69,0.03,14.0,57.1,1m 9s,3.0,0.93,0.31,41.8,21.7,0.07,0.07,0.38,1.7,0.0,0.58,0.05,3.37
https://www.hltv.org/stats/players/19230/m0nesy?maps=de_nuke,m0nesy,0.9,0.8,52.0,1.05,1.24,79.3,20.9,100.6,1.1,0.24,0.09,0.11,18.5,26.8,0.1,17.4,0.55,0.12,0.15,19.4,21.0,100.0,0.74,0.13,0.06,19.1,66.7,77.2,1.91,0.66,0.03,12.4,51.4,1m 13s,8.4,0.93,0.39,49.5,27.6,0.1,0.08,0.36,2.5,0.27,0.45,0.06,2.85,de_nuke,20,0.94,0.89,56.5,1.09,1.36,86.0,24.0,103.3,1.28,0.29,0.07,0.09,18.4,20.7,0.11,19.6,0.46,0.09,0.14,15.2,21.8,97.0,0.87,0.17,0.05,22.3,77.9,77.5,1.75,0.77,0.03,9.7,52.2,1m 13s,14.7,0.94,0.56,63.7,39.3,0.16,0.13,0.34,2.3,0.17,0.35,0.05,3.0,0.7,0.69,47.0,0.99,1.11,71.8,17.4,96.9,0.92,0.29,0.11,0.12,18.6,31.0,0.09,14.9,0.7,0.15,0.18,25.4,19.9,104.0,0.37,0.08,0.08,15.6,49.1,76.5,2.08,0.56,0.02,15.5,50.0,1m 13s,2.9,0.77,0.2,29.3,14.6,0.04,0.03,0.5,2.72,0.38,0.59,0.08,2.77
https://www.hltv.org/stats/players/19230/m0nesy?maps=de_inferno,m0nesy,0.8,0.75,49.9,1.01,1.22,76.4,18.6,98.5,1.35,0.31,0.1,0.11,19.6,19.6,0.11,21.0,0.59,0.12,0.16,20.7,19.3,101.0,0.79,0.14,0.08,21.1,64.3,71.8,1.98,0.55,0.02,10.3,45.5,1m 20s,14.9,0.91,0.33,43.5,24.7,0.08,0.08,0.61,3.24,0.69,0.75,0.08,2.31,de_inferno,20,0.87,0.84,53.3,1.17,1.29,83.5,21.3,110.8,1.25,0.29,0.07,0.1,17.8,17.6,0.11,22.2,0.51,0.09,0.14,16.3,20.1,100.0,0.88,0.17,0.07,24.2,72.0,70.6,2.05,0.48,0.01,8.9,34.1,1m 19s,24.3,0.92,0.44,53.0,32.1,0.11,0.12,0.52,3.85,0.72,0.45,0.05,3.01,0.59,0.68,46.7,0.86,1.15,69.5,16.0,87.3,1.44,0.39,0.12,0.13,21.2,21.2,0.1,19.9,0.68,0.14,0.18,26.0,18.2,103.0,0.56,0.1,0.08,18.1,54.2,73.8,1.92,0.6,0.03,11.6,78.6,1m 21s,4.9,0.87,0.22,32.0,17.4,0.05,0.05,0.65,2.65,0.65,1.03,0.11,2.0
https://www.hltv.org/stats/players/19230/m0nesy?maps=de_mirage,m0nesy
https://www.hltv.org/stats/players/19230/m0nesy?maps=de_dust2,m0nesy
https://www.hltv.org/stats/players/19230/m0nesy?maps=de_vertigo,m0nesy
https://www.hltv.org/stats/players/19230/m0nesy?maps=de_ancient,m0nesy,0.86,0.77,50.1,1.04,1.2,77.8,20.0,100.5,1.29,0.5,0.11,0.13,20.5,33.5,0.12,18.0,0.45,0.11,0.15,19.0,21.1,101.0,0.7,0.12,0.08,19.8,60.6,74.8,2.1,0.64,0.03,11.3,56.2,1m 9s,7.8,0.92,0.34,44.2,24.3,0.09,0.07,0.66,3.59,0.9,0.85,0.08,2.29,de_ancient,20,0.76,0.78,49.9,1.06,1.17,78.8,20.7,101.3,1.03,0.52,0.08,0.12,20.1,30.7,0.13,20.4,0.38,0.08,0.12,15.4,22.4,101.0,0.76,0.14,0.09,22.6,61.3,75.0,2.09,0.67,0.02,10.3,52.4,1m 9s,12.3,0.91,0.4,51.1,29.0,0.1,0.09,0.66,3.92,0.69,0.67,0.09,2.69,0.87,0.76,50.2,1.02,1.23,76.8,19.2,99.6,1.54,0.49,0.13,0.13,20.9,37.5,0.1,15.4,0.59,0.13,0.17,23.1,19.6,101.0,0.57,0.1,0.07,16.8,59.6,74.5,2.12,0.62,0.03,12.4,63.6,1m 9s,3.0,0.92,0.28,36.4,19.2,0.07,0.04,0.72,3.23,1.13,1.11,0.08,2.04
https://www.hltv.org/stats/players/19230/m0nesy?maps=de_anubis,m0nesy,0.95,0.82,54.2,1.1,1.32,83.1,21.5,106.5,1.14,0.41,0.1,0.12,20.6,23.8,0.12,18.4,0.67,0.12,0.18,21.2,20.7,101.0,0.82,0.14,0.07,21.0,68.5,75.3,1.98,0.9,0.05,11.5,75.0,1m 16s,9.6,0.94,0.43,52.5,31.7,0.12,0.11,0.54,2.74,0.17,0.72,0.09,2.13,de_anubis,20,0.94,0.87,56.7,1.26,1.3,86.6,23.2,118.7,1.15,0.36,0.09,0.1,18.1,15.4,0.14,18.7,0.68,0.1,0.17,19.3,22.7,99.0,0.81,0.15,0.07,21.7,69.8,74.4,1.95,0.62,0.02,8.6,80.0,1m 14s,16.3,0.93,0.5,57.2,34.2,0.15,0.11,0.53,2.93,0.0,0.57,0.09,2.49,0.92,0.78,51.8,0.94,1.35,79.7,19.8,95.5,1.12,0.48,0.12,0.13,22.9,31.7,0.11,18.2,0.64,0.14,0.18,23.4,18.6,103.0,0.79,0.14,0.07,20.3,67.2,76.2,2.0,0.95,0.07,14.3,70.0,1m 17s,2.5,0.95,0.37,47.4,29.4,0.1,0.11,0.57,2.56,0.32,0.84,0.08,1.89
https://www.hltv.org/stats/players/7716/chopper?maps=de_train,chopper
https://www.hltv.org/stats/players/7716/chopper?maps=de_nuke,chopper,0.4,0.65,45.5,0.87,0.96,69.8,15.2,87.3,1.02,0.48,0.1,0.13,20.7,25.2,0.13,19.2,0.19,0.08,0.11,17.7,19.8,106.0,0.34,0.09,0.1,18.2,46.8,73.5,2.54,0.57,0.02,9.2,57.8,1m 7s,5.6,0.0,0.0,0.7,0.4,0.0005,0.0005,0.39,3.2,0.73,0.52,0.04,2.03,de_nuke,28,0.43,0.7,49.8,0.91,1.06,73.8,16.0,88.4,0.97,0.42,0.08,0.11,18.9,22.5,0.14,20.7,0.28,0.07,0.11,15.2,22.4,104.0,0.36,0.1,0.07,16.9,56.5,71.2,2.72,0.54,0.02,7.8,45.5,1m 6s,9.3,0.0,0.01,0.8,0.4,0.001,0.0,0.17,3.79,0.78,0.22,0.01,1.45,0.36,0.59,41.3,0.83,0.89,66.0,14.3,86.2,1.07,0.51,0.12,0.16,22.2,26.8,0.11,17.3,0.26,0.09,0.12,20.7,16.9,109.0,0.37,0.08,0.12,19.5,38.6,76.2,2.29,0.59,0.03,10.4,71.8,1m 8s,2.5,0.0,0.0,0.6,0.4,0.0,0.001,0.59,2.64,0.69,0.81,0.06,2.19
https://www.hltv.org/stats/players/7716/chopper?maps=de_inferno,chopper,0.35,0.62,42.1,0.88,0.94,69.9,14.8,90.2,1.01,0.78,0.12,0.16,23.3,30.6,0.13,19.2,0.19,0.09,0.11,17.5,19.1,111.0,0.6,0.11,0.13,23.8,45.0,70.1,2.82,0.5,0.02,8.4,55.6,1m 10s,8.0,0.0,0.0,0.8,0.4,0.0008,0.0004,0.83,7.95,1.48,0.68,0.05,2.21,de_inferno,28,0.49,0.68,45.4,0.96,1.06,77.0,16.9,97.8,1.11,0.44,0.08,0.12,18.8,25.9,0.16,23.5,0.27,0.08,0.1,14.6,21.2,111.0,0.52,0.11,0.1,21.4,52.7,62.0,3.21,0.58,0.02,9.4,58.8,1m 10s,13.7,0.0,0.01,0.8,0.4,0.001,0.0004,0.84,10.68,1.99,0.55,0.04,2.52,0.21,0.56,38.8,0.79,0.82,62.8,12.7,82.9,0.9,0.87,0.16,0.2,27.1,33.5,0.1,14.6,0.27,0.1,0.12,21.1,16.5,110.0,0.66,0.1,0.16,26.2,38.8,78.9,2.33,0.46,0.02,7.4,45.5,1m 9s,2.0,0.0,0.0,0.8,0.4,0.0004,0.0004,0.78,5.23,0.88,0.8,0.06,2.0
https://www.hltv.org/stats/players/7716/chopper?maps=de_mirage,chopper,0.34,0.62,43.3,0.87,0.93,70.1,14.6,88.2,0.97,0.45,0.1,0.14,20.6,23.0,0.13,19.4,0.07,0.07,0.09,15.1,18.6,109.0,0.46,0.09,0.11,20.7,45.4,75.1,2.47,0.49,0.02,8.4,58.7,1m 2s,5.9,0.0,0.01,0.9,0.4,0.0008,0.001,0.53,3.02,0.65,0.72,0.04,2.12,de_mirage,28,0.35,0.66,45.1,0.88,1.01,73.8,15.5,89.2,1.01,0.61,0.08,0.13,21.5,24.3,0.15,22.3,0.13,0.06,0.08,12.9,20.0,109.0,0.39,0.1,0.1,19.3,50.0,72.5,2.6,0.64,0.03,7.3,62.9,1m 1s,10.1,0.0,0.0,0.4,0.4,0.0002,0.0005,0.58,4.08,0.78,0.57,0.03,2.62,0.33,0.59,41.4,0.86,0.86,66.3,13.6,87.1,0.94,0.32,0.1,0.14,19.7,22.0,0.12,15.5,0.15,0.08,0.1,17.6,17.1,108.0,0.54,0.09,0.13,22.1,41.3,77.8,2.19,0.38,0.02,9.6,52.4,1m 3s,2.4,0.01,0.0,0.7,0.5,0.001,0.001,0.51,1.96,0.45,0.87,0.05,1.8
https://www.hltv.org/stats/players/7716/chopper?maps=de_dust2,chopper,0.51,0.66,45.2,0.87,0.98,73.2,16.0,89.8,0.92,0.76,0.12,0.15,23.5,26.5,0.14,18.9,0.18,0.09,0.11,16.6,18.8,109.0,0.59,0.11,0.12,22.2,48.1,72.0,2.7,0.42,0.02,7.4,53.3,1m 6s,6.9,0.0,0.01,1.0,0.7,0.001,0.0003,0.82,5.12,1.04,0.98,0.08,2.43,de_dust2,28,0.65,0.72,48.6,0.98,1.09,81.2,18.1,100.8,0.97,0.7,0.1,0.14,22.3,21.2,0.18,20.0,0.28,0.08,0.11,14.6,20.4,110.0,0.68,0.13,0.1,22.4,57.5,71.8,3.16,0.3,0.009,5.9,43.5,1m 4s,11.6,0.0,0.0,0.5,0.4,0.0,0.0,0.91,8.46,1.95,0.66,0.07,2.58,0.34,0.59,42.1,0.77,0.88,65.7,14.1,79.6,0.88,0.7,0.14,0.17,24.6,30.0,0.11,17.1,0.23,0.1,0.11,19.0,17.1,107.0,0.48,0.09,0.13,22.0,39.1,72.2,2.15,0.5,0.03,8.8,59.5,1m 8s,2.4,0.02,0.01,1.6,0.9,0.002,0.0006,0.63,2.0,0.13,1.23,0.08,2.35
https://www.hltv.org/stats/players/7716/chopper?maps=de_vertigo,chopper,0.37,0.63,44.0,0.84,1.0,69.6,15.2,89.0,1.08,0.91,0.13,0.17,25.4,33.6,0.13,18.1,0.27,0.1,0.12,18.5,20.4,110.0,0.36,0.09,0.09,17.8,49.3,71.6,2.73,0.4,0.02,8.3,46.2,1m 11s,6.3,0.0,0.0,0.6,0.4,0.0006,0.0,0.91,6.35,1.25,0.86,0.08,2.73,de_vertigo,28,0.41,0.67,46.2,0.91,0.98,73.7,16.6,94.9,0.94,0.87,0.12,0.16,23.6,28.9,0.15,18.5,0.41,0.08,0.11,17.0,22.1,109.0,0.47,0.11,0.09,19.7,54.2,67.8,3.05,0.45,0.01,7.0,33.3,1m 8s,9.0,0.0,0.0,0.5,0.4,0.0,0.0,0.93,8.03,1.54,0.7,0.07,2.98,0.32,0.59,41.8,0.78,1.03,65.4,13.8,82.9,1.22,0.85,0.15,0.18,27.2,38.2,0.12,17.8,0.29,0.11,0.12,20.2,18.3,112.0,0.3,0.07,0.09,16.0,43.3,77.6,2.41,0.38,0.02,9.5,57.1,1m 15s,3.7,0.01,0.0,0.6,0.4,0.001,0.0,0.89,4.67,0.95,1.03,0.09,2.56
https://www.hltv.org/stats/players/7716/chopper?maps=de_ancient,chopper,0.27,0.61,43.4,0.81,1.0,68.6,13.7,87.2,0.92,0.66,0.11,0.14,22.3,26.9,0.16,21.6,0.07,0.07,0.09,14.7,20.9,113.0,0.42,0.09,0.1,19.3,47.7,74.1,2.78,0.32,0.01,7.5,46.2,1m 7s,6.7,0.0,0.01,1.0,0.7,0.0007,0.0004,0.79,5.14,0.26,0.93,0.07,2.23,de_ancient,28,0.53,0.7,49.7,0.9,1.08,79.1,16.4,96.7,1.0,0.7,0.1,0.14,22.1,22.3,0.19,21.7,0.17,0.07,0.09,12.3,21.2,112.0,0.59,0.12,0.1,21.2,55.2,75.0,3.29,0.31,0.01,5.7,43.8,1m 4s,9.1,0.0,0.01,1.1,0.8,0.001,0.0,0.83,7.47,0.37,0.62,0.06,2.47,0.09,0.51,36.8,0.68,0.91,57.7,11.0,75.6,0.84,0.57,0.13,0.15,22.5,31.2,0.13,21.6,0.15,0.08,0.09,18.3,20.5,114.0,0.27,0.07,0.11,17.3,38.2,72.4,2.25,0.36,0.02,9.3,50.0,1m 10s,4.6,0.0,0.0,0.7,0.5,0.0,0.0008,0.67,2.72,0.15,1.28,0.1,2.12
https://www.hltv.org/stats/players/7716/chopper?maps=de_anubis,chopper,0.11,0.55,39.3,0.73,0.92,63.3,12.5,78.7,0.75,0.69,0.12,0.15,22.5,22.0,0.17,24.4,0.11,0.06,0.09,17.3,23.7,116.0,0.49,0.1,0.14,23.6,40.5,70.4,2.57,0.31,0.01,5.9,46.2,1m 14s,7.5,0.0,0.0,0.5,0.4,0.0,0.0,0.69,4.87,0.63,0.8,0.04,1.73,de_anubis,28,0.14,0.59,41.7,0.79,0.89,67.3,13.4,84.1,0.84,0.59,0.1,0.13,19.5,19.2,0.19,24.4,0.35,0.07,0.1,16.8,27.7,114.0,0.58,0.12,0.15,26.3,43.9,61.7,2.81,0.24,0.004,5.4,16.7,1m 11s,11.0,0.0,0.0,0.2,0.2,0.0,0.0,0.69,6.01,1.1,0.59,0.02,2.27,0.11,0.5,36.7,0.68,0.96,59.1,11.6,74.0,0.66,0.73,0.14,0.17,25.8,25.2,0.16,24.5,0.11,0.06,0.09,17.9,18.9,117.0,0.41,0.07,0.13,20.7,36.0,84.5,2.32,0.39,0.02,6.4,71.4,1m 17s,2.9,0.0,0.0,0.8,0.6,0.0,0.0,0.66,3.67,0.13,1.04,0.05,1.42
https://www.hltv.org/stats/players/16920/sh1ro?maps=de_train,sh1ro
https://www.hltv.org/stats/players/16920/sh1ro?maps=de_nuke,sh1ro,0.68,0.72,51.1,0.96,1.14,74.1,17.2,94.5,1.0,0.07,0.08,0.09,15.4,12.5,0.13,19.0,0.51,0.1,0.15,20.5,23.5,102.0,0.42,0.09,0.05,14.7,63.3,75.4,2.23,0.83,0.03,15.5,56.7,1m 14s,11.9,0.86,0.27,37.8,23.1,0.06,0.06,0.26,3.08,0.88,0.35,0.03,2.45,de_nuke,24,0.72,0.77,53.2,1.03,1.19,77.4,20.2,98.7,0.95,0.09,0.06,0.07,13.4,8.9,0.14,20.7,0.44,0.09,0.12,15.7,23.4,100.0,0.58,0.12,0.06,18.1,66.4,74.2,2.04,0.75,0.02,12.3,60.0,1m 14s,20.2,0.91,0.39,50.5,33.4,0.09,0.08,0.2,3.04,0.81,0.21,0.01,2.84,0.55,0.68,49.1,0.87,1.09,70.8,14.3,89.7,1.04,0.14,0.09,0.11,17.0,17.1,0.12,17.3,0.61,0.12,0.18,25.9,23.6,105.0,0.31,0.07,0.05,11.3,58.3,77.6,2.42,0.84,0.04,18.8,53.3,1m 14s,4.6,0.59,0.16,23.4,12.8,0.04,0.03,0.43,3.13,0.94,0.49,0.04,2.28
https://www.hltv.org/stats/players/16920/sh1ro?maps=de_inferno,sh1ro,0.81,0.76,50.4,1.0,1.25,77.6,18.6,97.3,1.26,0.17,0.09,0.1,18.4,17.2,0.11,23.1,0.55,0.1,0.16,21.1,19.1,103.0,0.68,0.12,0.06,18.3,66.3,74.7,2.21,0.84,0.03,14.3,68.0,1m 23s,21.2,0.93,0.41,54.2,31.3,0.1,0.1,0.8,5.12,1.16,0.77,0.08,2.49,de_inferno,24,0.77,0.79,52.5,1.07,1.29,80.2,19.9,102.5,1.2,0.2,0.07,0.08,17.3,13.7,0.11,25.9,0.37,0.08,0.12,15.4,19.8,101.0,0.84,0.16,0.06,22.5,71.9,71.8,2.16,0.61,0.02,11.1,56.8,1m 23s,31.8,0.93,0.51,63.7,38.2,0.13,0.14,0.81,5.87,1.29,0.63,0.07,2.96,0.76,0.72,48.1,0.92,1.22,74.7,17.2,91.8,1.32,0.26,0.11,0.11,19.5,21.3,0.1,20.0,0.74,0.13,0.2,27.9,18.2,104.0,0.4,0.08,0.06,13.8,56.3,81.3,2.26,0.93,0.05,17.9,83.9,1m 23s,9.4,0.93,0.31,42.8,23.8,0.07,0.05,0.82,4.31,1.02,0.97,0.08,2.19
https://www.hltv.org/stats/players/16920/sh1ro?maps=de_mirage,sh1ro
https://www.hltv.org/stats/players/16920/sh1ro?maps=de_dust2,sh1ro,0.88,0.76,50.5,1.01,1.3,81.6,18.9,103.6,1.3,0.09,0.08,0.09,16.8,17.8,0.14,21.7,0.4,0.1,0.14,18.6,19.0,107.0,0.74,0.13,0.06,18.9,69.3,77.1,1.97,0.9,0.04,15.0,66.7,1m 17s,17.2,0.95,0.48,63.0,36.8,0.12,0.11,0.71,4.16,0.85,0.89,0.08,2.19,de_dust2,24,0.81,0.79,52.1,1.09,1.27,83.5,19.8,110.3,1.2,0.2,0.07,0.08,16.6,14.7,0.15,22.1,0.47,0.09,0.13,16.2,19.5,105.0,0.82,0.15,0.06,22.0,70.5,75.5,2.06,0.74,0.02,12.0,60.4,1m 14s,24.9,0.94,0.53,67.4,39.4,0.14,0.14,0.82,6.7,1.13,0.83,0.08,2.13,0.86,0.74,48.8,0.94,1.33,79.7,18.0,97.4,1.41,0.12,0.08,0.09,17.0,21.8,0.14,21.3,0.44,0.11,0.16,21.3,18.6,108.0,0.6,0.11,0.05,15.7,67.5,79.7,1.88,0.94,0.06,18.1,73.1,1m 20s,8.3,0.97,0.43,58.2,34.2,0.1,0.09,0.59,1.56,0.57,0.96,0.08,2.25
https://www.hltv.org/stats/players/16920/sh1ro?maps=de_vertigo,sh1ro,0.87,0.79,52.2,0.99,1.26,77.9,19.9,94.9,1.21,0.24,0.09,0.1,19.1,24.1,0.1,20.0,0.75,0.12,0.18,23.0,21.6,99.0,0.47,0.1,0.06,15.2,63.3,79.1,2.26,0.89,0.04,14.5,65.4,1m 18s,14.3,0.94,0.41,52.7,32.1,0.11,0.07,0.7,4.78,0.79,0.65,0.06,2.56,de_vertigo,24,0.8,0.81,53.4,1.07,1.23,79.8,20.7,99.2,1.04,0.4,0.08,0.1,19.6,24.0,0.11,20.5,0.7,0.1,0.16,19.9,22.0,98.0,0.65,0.12,0.07,19.4,64.4,79.2,2.23,0.86,0.03,12.3,57.1,1m 15s,19.9,0.93,0.5,61.8,38.3,0.14,0.1,0.75,5.8,0.99,0.53,0.06,3.23,0.87,0.76,51.1,0.93,1.28,76.2,19.1,91.2,1.37,0.2,0.1,0.1,18.8,24.3,0.1,19.5,0.75,0.15,0.2,26.1,21.2,100.0,0.34,0.07,0.04,11.5,61.7,78.9,2.29,0.87,0.05,16.5,75.0,1m 21s,9.1,0.94,0.34,43.9,26.4,0.09,0.05,0.62,3.87,0.6,0.71,0.05,2.05
https://www.hltv.org/stats/players/16920/sh1ro?maps=de_ancient,sh1ro
https://www.hltv.org/stats/players/16920/sh1ro?maps=de_anubis,sh1ro,0.78,0.75,51.0,0.94,1.22,75.0,18.8,93.4,1.2,0.14,0.08,0.1,17.6,19.7,0.12,22.8,0.77,0.12,0.18,24.2,24.7,100.0,0.39,0.09,0.05,13.6,66.1,75.6,2.08,0.89,0.04,14.7,72.7,1m 22s,19.1,0.92,0.36,47.2,27.7,0.08,0.07,0.43,3.28,0.83,0.53,0.05,2.08,de_anubis,24,0.55,0.74,52.0,1.01,1.15,73.8,17.7,99.4,1.14,0.2,0.07,0.09,16.6,8.1,0.12,23.0,0.72,0.09,0.16,21.6,24.4,99.0,0.37,0.1,0.05,14.8,65.1,69.6,1.99,0.93,0.03,14.4,64.3,1m 20s,25.9,0.91,0.41,55.2,32.8,0.09,0.09,0.45,3.67,0.84,0.4,0.05,2.89,0.88,0.76,49.8,0.88,1.3,76.3,20.0,87.3,1.26,0.23,0.09,0.1,18.7,37.5,0.11,22.5,0.79,0.15,0.21,27.3,25.1,100.0,0.43,0.08,0.04,12.1,67.6,84.0,2.18,0.83,0.04,15.1,87.5,1m 24s,9.4,0.92,0.29,38.2,21.6,0.07,0.04,0.53,2.83,0.82,0.74,0.07,1.63
https://www.hltv.org/stats/players/18317/magixx?maps=de_train,magixx
https://www.hltv.org/stats/players/18317/magixx?maps=de_nuke,magixx
https://www.hltv.org/stats/players/18317/magixx?maps=de_inferno,magixx,0.37,0.64,44.6,0.88,1.01,69.2,14.8,89.5,1.18,0.78,0.12,0.15,23.6,29.7,0.11,19.8,0.54,0.11,0.14,22.2,19.4,108.0,0.34,0.09,0.09,17.8,48.6,72.1,2.52,0.34,0.01,8.6,50.0,1m 16s,9.6,0.0,0.01,0.8,0.4,0.0008,0.0,0.54,5.12,1.18,0.47,0.04,2.31,de_inferno,22,0.45,0.69,46.3,0.96,1.05,75.3,16.4,98.6,1.12,0.71,0.1,0.13,22.3,25.0,0.14,23.7,0.55,0.09,0.13,18.9,22.4,110.0,0.29,0.09,0.08,16.5,53.3,69.3,3.06,0.4,0.01,7.3,42.9,1m 14s,16.5,0.0,0.01,0.8,0.3,0.0008,0.0,0.54,8.33,1.85,0.26,0.03,2.73,0.27,0.59,42.8,0.8,0.98,62.9,13.1,80.4,1.25,0.75,0.15,0.17,24.7,33.3,0.07,15.7,0.59,0.13,0.16,26.3,15.8,106.0,0.45,0.08,0.11,19.1,44.3,75.2,1.96,0.34,0.01,9.8,57.1,1m 18s,2.1,0.01,0.0,0.8,0.4,0.0008,0.0,0.45,1.78,0.48,0.69,0.05,2.16
https://www.hltv.org/stats/players/18317/magixx?maps=de_mirage,magixx
https://www.hltv.org/stats/players/18317/magixx?maps=de_dust2,magixx,0.42,0.65,43.6,0.85,1.08,69.9,15.6,87.1,1.17,0.65,0.11,0.14,23.3,29.0,0.13,22.4,0.36,0.1,0.12,19.3,19.6,108.0,0.42,0.09,0.1,18.6,48.8,78.3,2.45,0.37,0.01,7.9,54.7,1m 11s,9.5,0.01,0.01,2.1,1.4,0.002,0.004,0.75,4.61,1.0,0.83,0.05,2.53,de_dust2,22,0.36,0.66,43.9,0.86,1.05,72.7,16.0,89.0,1.09,0.4,0.08,0.11,19.4,19.4,0.15,26.7,0.28,0.07,0.1,15.3,19.2,111.0,0.32,0.09,0.08,17.1,52.1,72.6,2.77,0.41,0.01,6.9,51.6,1m 9s,15.0,0.0,0.01,1.3,0.6,0.002,0.001,0.68,7.16,1.46,0.48,0.04,1.8,0.47,0.64,43.3,0.85,1.11,67.3,15.2,85.4,1.26,0.76,0.14,0.17,26.5,35.8,0.11,18.4,0.51,0.13,0.15,23.2,19.9,106.0,0.55,0.09,0.11,20.0,46.1,83.4,2.15,0.37,0.02,8.8,59.1,1m 13s,4.3,0.04,0.02,2.8,2.1,0.002,0.007,0.66,2.22,0.56,1.12,0.06,2.85
https://www.hltv.org/stats/players/18317/magixx?maps=de_vertigo,magixx,0.35,0.62,44.6,0.84,1.06,71.1,14.3,89.4,0.99,0.56,0.11,0.13,21.7,30.4,0.16,21.9,0.33,0.1,0.12,19.7,20.5,114.0,0.57,0.11,0.09,19.9,52.9,75.3,2.82,0.62,0.02,11.7,45.5,1m 13s,10.5,0.01,0.01,1.5,1.2,0.0006,0.003,0.66,6.18,1.46,0.56,0.02,2.02,de_vertigo,22,0.48,0.68,47.5,0.92,1.1,77.9,16.4,97.4,1.15,0.69,0.1,0.13,22.0,29.9,0.19,24.1,0.53,0.1,0.12,17.7,21.6,115.0,0.54,0.11,0.1,20.7,53.9,74.4,3.27,0.62,0.02,10.8,53.8,1m 11s,14.8,0.0,0.01,1.3,1.4,0.0,0.004,0.68,6.84,0.5,0.56,0.02,1.71,0.21,0.56,41.6,0.76,1.03,63.9,12.0,80.5,0.83,0.42,0.11,0.14,21.4,31.0,0.12,19.6,0.3,0.09,0.13,22.2,19.3,113.0,0.58,0.1,0.09,19.0,51.7,76.3,2.35,0.61,0.03,12.6,33.3,1m 15s,6.5,0.02,0.01,1.8,1.0,0.001,0.003,0.68,5.49,2.46,0.59,0.02,2.32
https://www.hltv.org/stats/players/18317/magixx?maps=de_ancient,magixx,0.6,0.67,45.7,0.88,1.11,77.1,16.1,97.8,1.18,0.71,0.12,0.15,23.2,28.8,0.19,22.7,0.34,0.1,0.13,18.7,21.0,115.0,0.56,0.1,0.09,19.3,53.8,76.0,3.01,0.46,0.02,9.2,65.2,1m 8s,8.3,0.0,0.01,0.9,0.6,0.0004,0.0,0.72,7.75,0.81,0.6,0.03,2.05,de_ancient,22,0.65,0.72,48.6,0.92,1.15,81.7,18.0,101.1,1.44,0.71,0.1,0.13,23.0,21.5,0.21,26.0,0.4,0.09,0.11,15.8,23.2,113.0,0.53,0.11,0.06,17.5,64.4,76.9,3.31,0.37,0.01,7.8,50.0,1m 8s,12.1,0.0,0.01,1.1,0.8,0.0008,0.0,0.81,9.53,1.1,0.59,0.03,2.02,0.47,0.61,42.7,0.83,1.07,72.3,14.1,93.9,0.92,0.63,0.13,0.16,23.4,32.9,0.16,19.2,0.41,0.12,0.14,22.4,18.3,118.0,0.56,0.09,0.12,21.2,44.6,74.8,2.69,0.54,0.03,10.6,88.9,1m 8s,4.9,0.0,0.0,0.7,0.4,0.0,0.0,0.67,5.89,0.49,0.63,0.03,2.07
https://www.hltv.org/stats/players/18317/magixx?maps=de_anubis,magixx,0.3,0.62,43.5,0.83,1.1,68.5,14.0,85.7,1.2,0.61,0.1,0.13,24.4,33.7,0.15,28.2,0.22,0.09,0.11,18.2,24.0,110.0,0.21,0.06,0.06,11.9,51.1,81.2,2.59,0.71,0.03,11.2,57.1,1m 22s,17.3,0.13,0.07,11.8,5.5,0.02,0.008,0.58,5.68,0.89,0.53,0.02,2.02,de_anubis,22,0.18,0.62,43.4,0.89,1.02,67.3,13.4,90.1,1.14,0.76,0.11,0.13,23.6,35.6,0.15,28.5,0.43,0.08,0.11,17.3,27.1,108.0,0.19,0.06,0.06,12.1,53.6,76.9,2.49,0.58,0.02,9.7,40.0,1m 20s,22.3,0.2,0.14,21.9,10.2,0.03,0.01,0.49,5.26,1.0,0.43,0.02,2.32,0.46,0.62,43.6,0.77,1.19,69.9,14.7,81.8,1.25,0.47,0.1,0.14,25.3,31.9,0.16,27.9,0.22,0.09,0.12,19.0,20.7,113.0,0.26,0.06,0.06,11.8,48.4,86.4,2.69,0.77,0.04,12.7,76.9,1m 24s,10.8,0.02,0.01,1.3,0.6,0.003,0.0,0.66,6.11,0.78,0.65,0.02,1.82
https://www.hltv.org/stats/players/20423/zont1x?maps=de_train,zont1x,0.63,0.68,47.1,0.86,1.14,79.0,15.9,94.3,1.46,0.8,0.12,0.16,24.0,29.0,0.21,24.1,0.25,0.1,0.12,17.5,20.6,116.0,0.48,0.1,0.08,17.7,53.7,83.3,3.17,0.36,0.01,10.3,100.0,1m 4s,6.2,0.01,0.01,0.8,0.3,0.003,0.0,0.49,7.91,1.59,0.28,0.02,2.32,de_train,20,0.34,0.64,45.4,0.79,1.05,76.3,14.6,89.0,0.94,0.55,0.08,0.13,21.1,18.2,0.22,28.6,0.12,0.04,0.09,13.6,22.0,120.0,0.28,0.08,0.06,14.1,57.7,80.0,3.26,0.47,0.01,13.5,-,1m 6s,11.5,0.0,0.0,0.0,-,0.0,0.0,0.47,12.45,2.7,0.21,0.005,2.15,0.83,0.72,48.7,0.92,1.23,81.5,17.1,99.4,1.98,0.85,0.16,0.18,26.5,35.0,0.2,19.7,0.53,0.15,0.15,20.9,19.4,113.0,0.7,0.11,0.1,21.2,51.2,85.7,3.07,0.29,0.02,7.3,100.0,1m 2s,1.2,0.03,0.01,1.4,0.5,0.005,0.0,0.38,3.56,0.52,0.34,0.03,2.43
https://www.hltv.org/stats/players/20423/zont1x?maps=de_nuke,zont1x
https://www.hltv.org/stats/players/20423/zont1x?maps=de_inferno,zont1x,0.71,0.7,46.2,0.96,1.1,76.5,17.7,95.2,1.2,0.37,0.1,0.13,20.1,17.2,0.13,20.6,0.73,0.13,0.16,22.8,20.9,109.0,0.29,0.08,0.08,16.2,51.4,68.5,2.9,0.51,0.02,7.9,50.0,1m 14s,13.1,0.01,0.01,1.5,1.1,0.002,0.0,0.66,6.16,1.36,0.48,0.05,2.55,de_inferno,20,0.65,0.73,49.4,1.06,1.11,81.5,17.8,106.7,1.23,0.54,0.09,0.12,20.6,13.6,0.17,22.2,0.7,0.12,0.14,19.1,22.7,111.0,0.27,0.09,0.07,16.0,54.6,64.2,3.3,0.4,0.01,5.9,50.0,1m 13s,20.1,0.0,0.01,1.1,0.8,0.0,0.0,0.66,8.7,1.98,0.36,0.05,2.62,0.66,0.67,42.2,0.84,1.07,70.5,17.7,83.0,1.17,0.3,0.1,0.13,19.6,20.9,0.08,18.7,0.77,0.15,0.19,27.8,18.5,105.0,0.38,0.08,0.09,16.5,47.6,74.4,2.41,0.64,0.03,10.2,50.0,1m 14s,3.4,0.03,0.01,2.1,1.4,0.004,0.0,0.6,3.06,0.6,0.71,0.07,2.52
https://www.hltv.org/stats/players/20423/zont1x?maps=de_mirage,zont1x
https://www.hltv.org/stats/players/20423/zont1x?maps=de_dust2,zont1x,0.17,0.58,41.6,0.77,1.01,66.9,12.6,81.9,0.99,0.51,0.11,0.13,21.3,21.2,0.17,25.7,0.45,0.1,0.13,22.1,25.1,115.0,0.27,0.08,0.08,15.5,51.5,71.0,2.71,0.48,0.02,8.2,88.9,1m 12s,8.3,0.02,0.02,3.3,1.4,0.003,0.005,0.68,5.23,1.55,0.6,0.05,2.2,de_dust2,20,0.25,0.63,43.9,0.83,1.02,71.6,14.2,86.5,1.18,0.48,0.09,0.12,19.9,11.8,0.19,27.0,0.64,0.1,0.13,19.9,27.9,114.0,0.28,0.09,0.05,14.1,61.4,64.2,3.0,0.78,0.03,8.1,100.0,1m 11s,11.2,0.04,0.04,5.8,2.5,0.006,0.01,0.67,7.86,2.25,0.43,0.04,1.97,0.14,0.53,39.5,0.71,1.0,62.5,11.1,77.9,0.81,0.51,0.13,0.14,22.5,26.3,0.16,24.4,0.38,0.1,0.13,24.4,22.0,117.0,0.34,0.07,0.09,16.8,43.8,78.4,2.45,0.28,0.01,8.2,66.7,1m 14s,5.5,0.0,0.0,0.6,0.4,0.0,0.0,0.57,2.79,0.89,0.73,0.06,2.34
https://www.hltv.org/stats/players/20423/zont1x?maps=de_vertigo,zont1x,0.81,0.72,48.3,1.0,1.14,82.6,18.0,107.1,0.97,0.33,0.09,0.13,19.2,16.9,0.17,18.3,0.17,0.09,0.11,14.9,17.7,115.0,0.85,0.14,0.11,24.4,55.6,74.9,3.26,0.49,0.02,7.5,73.3,1m 6s,6.2,0.01,0.01,1.7,1.5,0.002,0.004,0.56,6.17,1.01,0.42,0.03,2.53,de_vertigo,20,0.76,0.74,50.1,1.02,1.13,88.4,18.7,112.8,0.84,0.41,0.08,0.12,18.2,14.3,0.21,20.0,0.35,0.08,0.11,15.1,19.7,119.0,0.86,0.16,0.11,26.9,59.4,73.0,3.66,0.51,0.02,6.6,85.7,1m 2s,10.6,0.02,0.02,2.5,2.4,0.005,0.007,0.55,8.39,1.1,0.3,0.02,2.78,0.76,0.69,46.5,0.97,1.15,76.8,17.2,101.2,1.09,0.33,0.11,0.14,20.3,19.7,0.13,16.6,0.18,0.1,0.1,14.6,15.6,111.0,0.71,0.11,0.11,21.9,50.8,77.7,2.87,0.49,0.03,8.4,62.5,1m 10s,2.0,0.0,0.01,0.8,0.6,0.0,0.0,0.54,3.95,0.92,0.53,0.04,2.38
https://www.hltv.org/stats/players/20423/zont1x?maps=de_ancient,zont1x,0.46,0.64,43.9,0.82,1.07,74.5,15.0,91.0,1.2,0.51,0.11,0.13,20.0,30.7,0.2,24.6,0.34,0.1,0.12,19.5,23.6,117.0,0.53,0.1,0.11,20.6,48.3,77.6,3.23,0.48,0.02,9.4,63.6,1m 7s,5.9,0.0,0.0,0.3,0.3,0.0,0.0,0.81,7.03,0.98,0.68,0.05,2.18,de_ancient,20,0.5,0.68,47.1,0.87,1.1,80.3,16.0,96.8,1.26,0.53,0.08,0.12,19.6,32.4,0.23,25.7,0.34,0.08,0.11,15.7,21.4,118.0,0.67,0.12,0.09,21.6,57.2,81.1,3.62,0.41,0.01,8.0,50.0,1m 3s,7.4,0.0,0.0,0.6,0.7,0.0,0.0,0.76,8.75,1.17,0.48,0.05,2.21,0.38,0.59,40.7,0.77,1.04,68.6,13.9,84.4,1.13,0.49,0.14,0.14,20.5,29.3,0.18,23.4,0.46,0.11,0.14,23.9,26.2,116.0,0.36,0.08,0.12,19.6,38.3,71.9,2.85,0.53,0.03,10.9,80.0,1m 11s,4.5,0.0,0.0,0.0,-,0.0,0.0,0.83,5.29,0.79,0.88,0.05,2.17
https://www.hltv.org/stats/players/20423/zont1x?maps=de_anubis,zont1x,0.55,0.65,44.9,0.87,1.1,77.5,15.5,95.8,0.94,0.32,0.09,0.12,19.0,26.1,0.18,23.4,0.14,0.08,0.11,16.3,19.0,119.0,0.67,0.11,0.11,22.2,51.7,70.8,3.09,0.3,0.01,6.6,66.7,1m 11s,8.3,0.0,0.0,0.8,0.3,0.001,0.0005,0.53,6.99,1.38,0.39,0.03,1.79,de_anubis,20,0.55,0.67,45.3,0.94,1.07,81.6,17.2,103.1,0.8,0.18,0.06,0.09,14.6,24.0,0.21,25.7,0.24,0.08,0.09,13.8,19.3,122.0,0.46,0.11,0.09,20.1,53.4,61.8,3.36,0.53,0.02,8.1,63.6,1m 10s,12.6,0.0,0.0,0.7,0.3,0.001,0.001,0.51,9.37,1.46,0.28,0.02,2.18,0.5,0.63,44.5,0.81,1.14,73.3,13.9,89.3,1.07,0.55,0.12,0.15,23.3,27.9,0.15,21.0,0.22,0.09,0.12,19.0,18.5,117.0,0.8,0.12,0.12,24.4,50.2,78.9,2.82,0.21,0.005,5.1,75.0,1m 12s,3.0,0.01,0.0,0.8,0.4,0.001,0.0,0.52,4.56,1.3,0.5,0.04,1.56
https://www.hltv.org/stats/players/21167/donk?maps=de_train,donk,1.0,0.9,52.3,1.26,1.26,93.0,24.1,123.9,2.06,0.7,0.11,0.16,23.0,23.1,0.24,17.2,0.79,0.16,0.19,21.0,27.4,103.0,0.91,0.2,0.15,34.5,56.7,70.6,2.88,0.35,0.02,4.0,100.0,1m 1s,4.3,0.0,0.01,1.3,-,0.0,0.0,0.16,2.85,0.0,0.36,0.02,1.51,de_train,18,0.98,0.88,53.0,1.24,1.1,94.2,26.0,126.1,1.88,0.74,0.08,0.16,22.9,44.4,0.25,17.0,0.76,0.13,0.16,18.2,26.1,107.0,0.82,0.15,0.09,24.0,62.5,73.3,3.01,0.03,0.0,2.0,-,0m 59s,7.3,0.0,0.0,0.0,-,0.0,0.0,0.5,3.45,0.0,0.69,0.03,1.01,0.99,0.93,51.4,1.29,1.48,91.5,21.6,121.0,2.25,0.63,0.15,0.16,23.1,11.8,0.22,17.6,0.82,0.19,0.23,24.6,29.0,98.0,0.9,0.26,0.23,48.6,52.8,68.4,2.7,0.65,0.04,6.8,100.0,1m 4s,0.0,0.02,0.03,2.9,-,0.0,0.0,0.19,2.04,0.0,0.15,0.01,3.83
https://www.hltv.org/stats/players/21167/donk?maps=de_nuke,donk
https://www.hltv.org/stats/players/21167/donk?maps=de_inferno,donk,0.69,0.7,46.9,1.01,1.1,77.8,16.7,104.6,1.15,0.69,0.1,0.16,23.8,25.2,0.14,17.0,0.74,0.13,0.16,23.2,17.7,111.0,0.85,0.14,0.14,27.9,51.0,72.0,2.96,0.41,0.02,7.4,71.4,1m 9s,13.2,0.02,0.02,2.3,1.1,0.004,0.003,0.62,9.0,1.59,0.43,0.03,2.38,de_inferno,18,0.43,0.69,45.2,1.02,1.03,76.1,15.6,103.9,1.2,0.6,0.07,0.14,21.6,26.2,0.16,22.2,0.69,0.1,0.14,21.0,19.2,111.0,0.76,0.14,0.1,24.4,58.0,65.5,3.08,0.47,0.01,7.6,66.7,1m 10s,19.7,0.01,0.01,2.1,0.7,0.005,0.005,0.85,9.84,1.96,0.54,0.04,2.6,0.84,0.72,49.0,1.01,1.17,79.7,18.0,105.3,1.09,0.75,0.13,0.19,26.2,24.6,0.12,10.7,0.76,0.17,0.19,25.7,16.1,110.0,0.87,0.14,0.18,31.9,44.5,79.6,2.83,0.39,0.02,7.2,100.0,1m 8s,3.7,0.03,0.02,2.4,1.4,0.003,0.0,0.56,8.01,1.16,0.4,0.03,2.08
https://www.hltv.org/stats/players/21167/donk?maps=de_mirage,donk,0.99,0.87,53.8,1.19,1.3,92.4,23.3,120.2,1.36,0.46,0.09,0.14,20.4,22.5,0.16,14.2,0.66,0.13,0.17,19.8,19.0,106.0,0.92,0.15,0.12,27.4,55.9,76.2,2.87,0.4,0.02,6.0,45.8,1m 2s,5.7,0.01,0.01,1.6,1.0,0.003,0.0003,0.23,3.4,0.7,0.38,0.01,1.63,de_mirage,18,0.97,0.88,54.7,1.18,1.27,92.6,23.6,117.5,1.32,0.6,0.08,0.14,21.0,20.1,0.18,16.7,0.65,0.11,0.15,17.2,21.6,105.0,0.9,0.17,0.11,27.7,60.1,77.3,2.98,0.38,0.01,5.5,50.0,0m 59s,9.3,0.0,0.01,1.1,0.8,0.003,0.0007,0.28,4.11,0.65,0.32,0.01,2.15,0.99,0.86,52.8,1.21,1.33,92.3,22.9,123.3,1.41,0.35,0.1,0.14,19.9,24.5,0.14,11.7,0.68,0.16,0.19,22.6,16.3,107.0,0.86,0.14,0.13,27.1,51.5,75.0,2.76,0.43,0.02,6.4,37.5,1m 4s,2.4,0.03,0.02,2.1,1.1,0.003,0.0,0.25,2.67,0.74,0.45,0.009,1.26
https://www.hltv.org/stats/players/21167/donk?maps=de_dust2,donk
https://www.hltv.org/stats/players/21167/donk?maps=de_vertigo,donk,0.97,0.83,52.9,1.12,1.24,86.0,21.8,110.4,1.6,0.59,0.11,0.15,21.7,19.0,0.15,16.7,0.72,0.15,0.17,21.0,19.9,103.0,0.73,0.12,0.09,21.6,56.5,71.1,2.77,0.3,0.01,7.2,68.2,1m 6s,7.5,0.01,0.01,1.1,0.7,0.003,0.0005,0.29,3.95,0.87,0.35,0.02,1.92,de_vertigo,18,0.9,0.84,54.2,1.1,1.21,85.3,21.7,105.9,1.25,0.78,0.1,0.14,23.3,25.8,0.15,20.0,0.75,0.13,0.16,19.1,22.0,102.0,0.49,0.11,0.07,17.7,62.5,67.3,2.92,0.46,0.02,7.1,78.6,1m 5s,12.9,0.0,0.01,1.0,0.6,0.003,0.001,0.39,4.56,1.01,0.37,0.03,2.17,0.98,0.82,51.5,1.14,1.27,86.7,21.9,115.2,1.94,0.4,0.12,0.15,20.4,15.3,0.14,13.3,0.69,0.16,0.19,22.9,17.8,105.0,0.84,0.13,0.12,25.5,52.2,74.4,2.62,0.23,0.008,7.3,50.0,1m 6s,2.4,0.02,0.01,1.3,0.7,0.002,0.0,0.28,3.32,0.72,0.34,0.02,1.64
https://www.hltv.org/stats/players/21167/donk?maps=de_ancient,donk
https://www.hltv.org/stats/players/21167/donk?maps=de_anubis,donk,0.99,0.88,54.5,1.21,1.33,90.3,22.6,118.4,1.5,0.75,0.11,0.16,24.2,31.7,0.17,16.2,0.75,0.17,0.18,21.1,21.6,103.0,0.91,0.15,0.1,25.0,60.4,75.6,2.85,0.31,0.01,5.4,62.5,1m 10s,8.5,0.0,0.01,1.0,0.7,0.001,0.0005,0.17,3.12,0.35,0.31,0.02,1.61,de_anubis,18,0.91,0.84,52.8,1.21,1.2,87.5,21.4,119.0,1.18,0.72,0.09,0.15,22.5,26.3,0.18,19.1,0.66,0.12,0.14,17.0,23.8,104.0,0.69,0.13,0.07,20.6,63.6,73.7,2.86,0.38,0.01,6.1,42.9,1m 11s,14.3,0.0,0.01,1.3,1.0,0.003,0.001,0.22,3.07,0.39,0.3,0.02,2.06,1.0,0.91,56.2,1.21,1.46,93.1,23.9,117.9,1.82,0.7,0.12,0.18,25.8,35.0,0.16,13.1,0.81,0.22,0.23,24.8,19.6,102.0,0.93,0.17,0.12,29.4,58.0,77.1,2.83,0.28,0.01,4.6,77.8,1m 9s,1.6,0.0,0.01,0.7,0.5,0.0,0.0,0.23,3.16,0.3,0.31,0.02,1.17
https://www.hltv.org/stats/players/9816/aleksib?maps=de_train,aleksib,0.46,0.65,45.3,0.88,0.97,72.5,15.4,91.7,0.86,0.62,0.1,0.15,23.0,27.2,0.16,18.8,0.27,0.09,0.12,18.7,22.6,111.0,0.47,0.09,0.1,19.7,48.3,77.2,3.11,0.32,0.01,8.5,63.6,1m 3s,6.1,0.04,0.03,4.3,2.2,0.006,0.004,0.89,8.2,2.03,0.74,0.06,2.35,de_train,28,0.67,0.73,50.4,0.93,1.14,80.7,18.4,95.8,0.93,0.64,0.08,0.13,23.1,24.5,0.19,22.1,0.44,0.08,0.12,16.4,23.9,109.0,0.46,0.1,0.07,17.7,58.9,79.6,3.5,0.37,0.01,7.0,63.6,1m 5s,12.1,0.06,0.05,6.6,3.7,0.01,0.007,0.87,10.69,2.84,0.65,0.04,2.14,0.2,0.55,39.7,0.81,0.81,63.5,12.2,86.0,0.8,0.56,0.11,0.17,22.9,28.7,0.13,15.1,0.3,0.1,0.12,21.9,20.6,114.0,0.47,0.09,0.13,21.8,38.9,74.1,2.64,0.32,0.02,10.2,63.6,1m 1s,1.2,0.0,0.0,0.8,0.5,0.0005,0.0005,0.9,5.47,1.1,0.91,0.09,2.51
https://www.hltv.org/stats/players/9816/aleksib?maps=de_nuke,aleksib
https://www.hltv.org/stats/players/9816/aleksib?maps=de_inferno,aleksib
https://www.hltv.org/stats/players/9816/aleksib?maps=de_mirage,aleksib,0.39,43.9,0.86,0.95,71.9,14.7,91.8,0.95,0.4,0.09,0.13,20.3,23.6,0.16,20.2,0.19,0.08,0.11,18.1,20.6,114.0,0.48,0.1,0.11,20.7,46.6,73.8,2.89,0.41,0.02,9.0,54.4,1m 4s,5.4,0.05,0.03,5.1,2.6,0.007,0.007,0.86,6.21,1.57,0.82,0.06,2.11,de_mirage,28,0.43,0.68,47.2,0.9,1.06,75.9,15.8,93.6,0.97,0.39,0.07,0.11,19.1,21.0,0.17,22.9,0.4,0.07,0.12,17.1,23.4,111.0,0.39,0.1,0.08,17.4,56.5,73.1,3.11,0.54,0.02,9.2,44.3,1m 5s,9.6,0.08,0.06,8.4,4.5,0.01,0.01,0.85,7.8,2.11,0.59,0.06,2.37,0.34,0.58,40.8,0.81,0.86,68.1,13.5,90.0,0.94,0.44,0.11,0.15,21.3,24.9,0.15,17.5,0.19,0.08,0.11,19.2,17.5,117.0,0.57,0.09,0.14,23.8,39.7,74.5,2.66,0.35,0.02,8.8,70.5,1m 4s,1.7,0.01,0.01,1.4,0.8,0.001,0.001,0.82,4.69,1.03,1.01,0.07,1.96
https://www.hltv.org/stats/players/9816/aleksib?maps=de_dust2,aleksib,0.23,0.58,41.3,0.79,0.99,69.8,12.9,88.4,0.89,0.66,0.11,0.15,22.6,29.9,0.18,22.1,0.24,0.09,0.11,19.3,22.3,120.0,0.38,0.09,0.11,19.5,44.7,75.1,3.09,0.42,0.02,7.7,64.1,1m 7s,6.4,0.02,0.02,3.2,1.7,0.003,0.003,0.95,8.56,2.39,1.04,0.09,2.64,de_dust2,28,0.4,0.65,44.2,0.89,1.04,77.5,15.5,99.4,0.95,0.59,0.09,0.13,21.0,24.3,0.21,24.0,0.28,0.08,0.1,15.0,23.5,120.0,0.41,0.1,0.08,18.3,54.7,73.2,3.6,0.4,0.01,6.1,68.2,1m 7s,11.7,0.02,0.02,3.4,2.1,0.004,0.004,0.97,12.6,3.16,0.89,0.1,2.83,0.11,0.51,38.3,0.67,0.93,61.8,10.2,76.4,0.84,0.66,0.13,0.17,24.0,33.4,0.15,20.2,0.38,0.1,0.13,24.8,20.7,120.0,0.38,0.07,0.13,20.7,35.5,77.6,2.56,0.45,0.02,9.3,58.8,1m 8s,1.2,0.03,0.02,3.0,1.2,0.001,0.001,0.88,4.36,1.59,1.22,0.09,2.51
https://www.hltv.org/stats/players/9816/aleksib?maps=de_vertigo,aleksib,0.15,0.56,40.6,0.72,0.92,67.2,12.1,82.7,0.95,0.82,0.13,0.16,23.4,30.8,0.16,21.8,0.53,0.11,0.13,23.4,19.7,121.0,0.09,0.05,0.08,13.2,38.1,72.9,2.92,0.39,0.01,8.6,66.7,1m 11s,5.7,0.0,0.01,1.7,0.2,0.001,0.0,0.95,7.81,1.36,0.93,0.08,2.75,de_vertigo,28,0.34,0.64,44.7,0.84,1.0,75.0,15.2,92.3,0.92,0.76,0.1,0.15,24.0,21.4,0.16,23.9,0.6,0.09,0.13,20.4,20.7,118.0,0.08,0.05,0.06,11.1,45.1,65.2,3.21,0.39,0.01,7.2,50.0,1m 13s,9.9,0.01,0.02,2.7,0.2,0.002,0.0,0.97,9.61,1.52,0.84,0.08,3.2,0.07,0.48,36.8,0.61,0.85,60.0,9.3,73.3,0.98,0.73,0.16,0.17,22.9,36.0,0.16,19.9,0.52,0.13,0.13,27.1,18.3,124.0,0.18,0.05,0.1,15.1,33.3,80.0,2.65,0.39,0.02,9.9,71.4,1m 10s,2.1,0.0,0.0,0.4,0.2,0.0,0.0,0.92,6.15,1.21,0.95,0.08,2.35
https://www.hltv.org/stats/players/9816/aleksib?maps=de_ancient,aleksib,0.13,0.55,40.1,0.76,0.94,65.8,12.3,82.1,0.81,0.5,0.11,0.13,20.0,28.0,0.19,24.6,0.41,0.09,0.12,22.0,27.0,119.0,0.43,0.09,0.11,20.1,46.2,71.1,2.93,0.3,0.01,8.6,60.0,1m 4s,6.8,0.0,0.0,0.6,0.3,0.0,0.0,0.87,6.84,1.81,0.73,0.06,2.37,de_ancient,28,0.22,0.61,43.3,0.81,0.99,70.7,14.3,85.0,0.81,0.33,0.08,0.1,17.3,25.2,0.2,27.3,0.44,0.07,0.11,18.1,27.7,116.0,0.46,0.11,0.08,19.0,55.4,72.7,3.24,0.27,0.007,7.2,25.0,1m 5s,11.9,0.0,0.0,0.4,0.3,0.0,0.0,0.92,8.73,2.3,0.69,0.07,2.59,0.08,0.49,36.4,0.68,0.89,60.1,10.0,78.1,0.82,0.67,0.15,0.16,22.6,30.1,0.18,21.4,0.51,0.11,0.13,27.5,26.0,123.0,0.4,0.08,0.14,21.4,36.7,68.7,2.58,0.36,0.02,10.2,100.0,1m 3s,1.8,0.0,0.0,0.8,0.2,0.0,0.0,0.82,4.67,1.23,0.89,0.07,2.2
https://www.hltv.org/stats/players/9816/aleksib?maps=de_anubis,aleksib,0.05,0.49,37.7,0.62,0.89,62.2,10.2,73.4,0.85,0.66,0.12,0.15,22.0,24.2,0.2,28.8,0.14,0.07,0.09,18.3,25.2,126.0,0.21,0.06,0.11,17.3,37.1,80.4,2.7,0.47,0.02,8.8,44.4,1m 20s,9.4,0.0,0.0,0.5,0.2,0.0,0.0,0.83,5.69,1.03,0.78,0.08,2.24,de_anubis,28,0.02,0.49,38.0,0.66,0.77,59.1,9.7,74.1,0.93,0.66,0.1,0.13,20.1,31.2,0.2,29.0,0.46,0.07,0.1,19.9,32.3,121.0,0.06,0.03,0.08,10.9,28.9,69.2,2.76,0.62,0.02,9.2,40.0,1m 20s,14.3,0.0,0.0,0.5,0.2,0.0,0.0,0.83,6.02,1.22,0.63,0.11,3.26,0.15,0.5,37.4,0.59,1.0,65.0,10.6,72.9,0.77,0.59,0.13,0.16,23.5,20.6,0.2,28.6,0.11,0.07,0.08,16.9,19.0,130.0,0.58,0.09,0.14,22.9,40.6,83.7,2.65,0.38,0.02,8.4,50.0,1m 21s,3.3,0.0,0.0,0.4,0.2,0.0,0.0,0.76,5.39,0.87,0.84,0.05,1.48
https://www.hltv.org/stats/players/14759/im?maps=de_train,im,0.91,0.76,49.4,1.13,1.15,84.5,19.5,114.6,0.97,0.42,0.09,0.14,19.9,22.4,0.16,14.3,0.24,0.08,0.13,17.2,18.7,111.0,0.8,0.13,0.12,25.5,52.4,64.9,3.05,0.44,0.02,8.9,76.2,0m 58s,3.5,0.02,0.02,2.1,1.4,0.002,0.003,0.32,3.51,0.4,0.45,0.02,1.93,de_train,26,0.85,0.8,51.3,1.11,1.12,86.0,20.2,109.1,0.92,0.47,0.07,0.13,19.2,17.2,0.18,16.6,0.36,0.07,0.12,15.6,21.6,108.0,0.49,0.11,0.09,20.5,54.0,61.5,3.21,0.39,0.01,8.5,50.0,0m 59s,6.5,0.02,0.03,3.2,2.2,0.003,0.004,0.37,4.47,0.61,0.38,0.02,1.89,0.9,0.73,47.5,1.15,1.17,83.2,18.9,120.3,1.02,0.4,0.1,0.16,20.5,25.5,0.15,12.0,0.27,0.09,0.14,18.9,15.8,114.0,0.88,0.16,0.15,30.3,51.4,67.3,2.89,0.47,0.03,9.3,86.7,0m 58s,0.9,0.01,0.01,1.1,0.6,0.002,0.002,0.31,2.59,0.19,0.5,0.02,1.96
https://www.hltv.org/stats/players/14759/im?maps=de_nuke,im,0.71,0.71,47.8,1.0,1.05,77.3,17.3,102.3,1.1,0.36,0.09,0.13,18.9,25.2,0.13,15.6,0.31,0.09,0.13,18.6,18.3,110.0,0.58,0.11,0.11,22.0,48.5,69.8,2.78,0.39,0.02,8.9,62.2,1m 4s,4.5,0.0,0.0,0.2,0.1,0.0002,0.0002,0.17,2.56,0.48,0.35,0.01,2.06,de_nuke,26,0.74,0.77,52.1,1.05,1.1,82.5,18.7,103.8,1.11,0.54,0.08,0.13,19.5,29.3,0.14,17.5,0.48,0.09,0.13,16.9,20.4,107.0,0.47,0.11,0.07,18.1,59.8,68.8,3.13,0.48,0.02,6.4,50.0,1m 3s,7.5,0.0,0.0,0.2,0.1,0.0005,0.0005,0.13,2.94,0.46,0.24,0.009,1.44,0.56,0.64,43.2,0.94,1.0,71.7,15.7,100.4,1.08,0.27,0.1,0.14,18.3,23.2,0.12,13.5,0.31,0.1,0.13,20.7,15.7,113.0,0.66,0.1,0.16,26.2,40.0,71.0,2.41,0.37,0.02,11.6,78.9,1m 4s,1.7,0.0,0.0,0.2,0.1,0.0,0.0,0.31,2.15,0.5,0.49,0.01,2.36
https://www.hltv.org/stats/players/14759/im?maps=de_inferno,im,0.66,0.69,46.8,0.97,1.08,76.8,16.8,99.7,1.13,0.55,0.1,0.14,21.4,25.1,0.14,18.6,0.39,0.1,0.13,19.3,20.4,111.0,0.51,0.1,0.1,19.8,50.8,71.6,2.84,0.52,0.02,8.2,48.1,1m 12s,9.2,0.0,0.01,1.1,0.6,0.002,0.0004,0.48,4.04,0.74,0.5,0.05,2.29,de_inferno,26,0.67,0.73,49.1,1.04,1.08,81.0,18.4,106.5,1.09,0.52,0.08,0.13,19.6,24.3,0.16,21.4,0.5,0.09,0.12,16.9,22.4,111.0,0.44,0.1,0.08,18.5,56.7,67.8,3.17,0.4,0.01,7.2,41.4,1m 11s,15.7,0.0,0.01,1.4,0.7,0.003,0.0007,0.61,5.47,0.9,0.43,0.06,3.1,0.58,0.65,44.5,0.91,1.08,72.5,15.1,93.4,1.16,0.56,0.12,0.16,23.1,25.6,0.13,15.7,0.4,0.11,0.14,22.1,18.1,111.0,0.58,0.1,0.12,21.2,45.6,75.7,2.51,0.61,0.03,9.3,56.0,1m 12s,1.9,0.0,0.0,0.7,0.5,0.0004,0.0,0.37,2.59,0.57,0.59,0.04,1.71
https://www.hltv.org/stats/players/14759/im?maps=de_mirage,im,0.93,0.77,51.3,1.06,1.18,85.8,19.7,111.6,1.19,0.29,0.08,0.13,18.8,22.2,0.15,14.5,0.19,0.08,0.13,16.3,15.7,111.0,0.82,0.13,0.11,24.0,54.4,74.2,3.0,0.42,0.02,8.8,59.3,0m 59s,4.6,0.0,0.01,0.7,0.4,0.0006,0.0003,0.37,3.1,0.59,0.51,0.03,2.0,de_mirage,26,0.87,0.8,53.6,1.08,1.17,89.0,20.4,114.2,1.12,0.43,0.08,0.12,18.4,19.5,0.17,16.4,0.35,0.08,0.12,15.1,17.8,111.0,0.77,0.14,0.08,22.2,62.9,76.0,3.23,0.48,0.02,8.3,54.3,0m 58s,7.8,0.0,0.01,0.8,0.6,0.0005,0.0005,0.34,3.56,0.54,0.35,0.03,2.68,0.91,0.75,49.2,1.04,1.19,82.8,19.1,109.3,1.26,0.26,0.08,0.14,19.1,23.7,0.13,12.6,0.21,0.09,0.13,17.4,13.7,111.0,0.78,0.12,0.13,25.7,47.5,72.2,2.78,0.4,0.02,9.3,65.7,1m 0s,1.6,0.0,0.0,0.5,0.3,0.0007,0.0,0.4,2.66,0.65,0.64,0.03,1.62
