full_url,firepower,kills_per_round,rounds_with_a_kill,kills_per_round_win,rating_1.0,damage_per_round,rounds_with_a_multi_kill,damage_per_round_win,pistol_round_rating,entrying,saved_by_teammate_per_round,traded_deaths_per_round,traded_deaths_percentage,opening_deaths_traded_percentage,assists_per_round,support_rounds,trading,saved_teammate_per_round,trade_kills_per_round,trade_kills_percentage,assisted_kills_percentage,damage_per_kill,opening,opening_kills_per_round,opening_deaths_per_round,opening_attempts,opening_success,win_after_opening_kill,attacks_per_round,clutching,clutch_points_per_round,last_alive_percentage,1on1_win_percentage,time_alive_per_round,saves_per_round_loss,sniping,sniper_kills_per_round,sniper_kills_percentage,rounds_with_sniper_kills_percentage,sniper_multi_kill_rounds,sniper_opening_kills_per_round,utility,utility_damage_per_round,utility_kills_per_100_rounds,flashes_thrown_per_round,flash_assists_per_round,time_opponent_flashed_per_round,player_name,map,age
https://www.hltv.org/stats/players/2553/snax?maps=all,0.6,0.69,46.9,0.96,1.02,73.8,16.7,68.8,0.95,0.07,0.08,0.09,13.2,15.1,0.14,17.6,0.06,0.08,0.09,12.5,19.0,78.0,0.61,0.11,0.11,21.4,50.8,73.2,2.64,0.48,0.02,8.6,62.6,0m 46s,6.7,0.31,0.13,19.4,10.3,0.03,0.03,0.51,4.72,1.13,0.51,0.03,2.02,Snax,all,31
https://www.hltv.org/stats/players/7998/s1mple?maps=all,0.97,0.85,54.0,1.16,1.24,85.3,22.4,89.6,1.21,0.06,0.08,0.09,14.0,12.0,0.1,14.2,0.26,0.11,0.12,14.4,16.8,80.0,0.87,0.14,0.09,23.3,61.6,74.9,2.14,0.56,0.03,10.0,64.0,0m 58s,8.8,0.88,0.32,38.1,23.8,0.09,0.08,0.37,2.47,0.51,0.56,0.03,2.03,s1mple,all,27
https://www.hltv.org/stats/players/3741/niko?maps=all,0.94,0.79,50.8,1.09,1.15,85.4,20.3,96.3,1.26,0.11,0.08,0.1,15.6,16.6,0.14,15.7,0.2,0.1,0.11,14.5,16.5,94.0,0.87,0.14,0.12,25.7,54.9,73.2,2.85,0.47,0.02,8.9,60.3,0m 57s,6.2,0.11,0.06,7.9,4.6,0.02,0.02,0.64,4.91,0.74,0.64,0.04,2.04,NiKo,all,28
https://www.hltv.org/stats/players/3972/hunter?maps=all,0.88,0.75,49.6,1.03,1.1,82.5,19.2,105.1,1.15,0.47,0.1,0.14,20.4,24.2,0.15,16.9,0.49,0.11,0.15,19.6,18.8,108.0,0.63,0.11,0.09,20.5,53.7,76.0,3.16,0.45,0.02,8.6,58.7,1m 6s,6.6,0.0,0.01,1.0,0.7,0.002,0.0007,0.69,5.64,1.09,0.62,0.03,2.04,huNter-,all,29
https://www.hltv.org/stats/players/11617/malbsmd?maps=all,0.87,0.75,49.0,1.05,1.14,81.3,19.3,107.4,1.26,0.69,0.11,0.16,22.1,26.3,0.15,15.2,0.41,0.11,0.14,18.2,18.9,108.0,0.81,0.13,0.12,24.9,52.2,73.0,2.72,0.39,0.02,7.9,62.5,1m 1s,4.5,0.0,0.0,0.4,0.3,0.0004,0.0002,0.54,5.4,1.02,0.47,0.03,2.26,malbsMd,all,22
https://www.hltv.org/stats/players/19230/m0nesy?maps=all,0.89,0.79,51.4,1.05,1.24,79.8,20.1,102.9,1.27,0.26,0.09,0.11,18.9,23.4,0.11,18.1,0.51,0.11,0.15,19.6,18.8,102.0,0.82,0.14,0.08,21.6,62.9,74.9,1.99,0.67,0.03,11.2,58.4,1m 11s,9.8,0.93,0.39,49.2,28.7,0.1,0.09,0.58,2.87,0.55,0.7,0.08,2.54,m0NESY,all,19
https://www.hltv.org/stats/players/7716/chopper?maps=all,0.4,0.64,44.3,0.87,0.95,70.7,15.1,88.4,0.96,0.57,0.11,0.14,21.4,25.6,0.13,19.1,0.14,0.08,0.11,16.6,19.0,108.0,0.45,0.1,0.11,20.4,46.7,71.6,2.63,0.47,0.02,8.6,56.0,1m 6s,6.1,0.0,0.01,0.8,0.5,0.0008,0.0006,0.69,4.39,0.87,0.74,0.05,2.26,chopper,all,28
https://www.hltv.org/stats/players/16920/sh1ro?maps=all,0.85,0.77,51.3,1.01,1.25,78.3,19.3,98.0,1.27,0.15,0.08,0.1,17.8,20.8,0.11,20.7,0.61,0.11,0.16,21.4,19.8,101.0,0.59,0.11,0.06,16.8,66.2,77.2,2.12,0.87,0.04,14.7,64.9,1m 17s,16.1,0.94,0.43,54.9,33.2,0.11,0.09,0.65,3.92,0.86,0.71,0.07,2.37,sh1ro,all,23
https://www.hltv.org/stats/players/18317/magixx?maps=all,0.37,0.64,44.3,0.85,1.05,70.1,14.8,88.0,1.13,0.65,0.11,0.14,23.2,29.7,0.13,21.8,0.34,0.1,0.13,19.7,19.3,110.0,0.37,0.09,0.09,17.5,50.0,76.2,2.5,0.47,0.02,9.3,60.6,1m 12s,9.7,0.03,0.02,3.1,1.7,0.004,0.003,0.51,4.4,0.84,0.53,0.03,2.28,magixx,all,21
https://www.hltv.org/stats/players/20423/zont1x?maps=all,0.62,0.68,46.1,0.91,1.1,77.0,16.3,96.3,1.12,0.4,0.1,0.13,20.0,21.2,0.17,21.6,0.28,0.1,0.12,18.2,20.2,114.0,0.55,0.1,0.1,20.2,51.4,72.7,3.03,0.46,0.02,8.3,70.3,1m 8s,7.5,0.0,0.01,1.1,0.7,0.001,0.001,0.52,5.45,1.17,0.43,0.03,2.29,zont1x,all,19
https://www.hltv.org/stats/players/21167/donk?maps=all,0.99,0.85,53.3,1.17,1.29,89.5,22.6,116.7,1.39,0.65,0.11,0.15,22.3,24.6,0.16,15.7,0.72,0.15,0.18,20.7,19.8,105.0,0.89,0.14,0.11,25.5,56.5,74.6,2.85,0.38,0.02,6.5,68.8,1m 6s,7.4,0.01,0.01,1.4,1.0,0.003,0.001,0.28,3.61,0.61,0.4,0.02,1.99,donk,all,18
https://www.hltv.org/stats/players/9816/aleksib?maps=all,0.35,0.62,43.3,0.84,0.93,71.8,14.3,91.3,0.87,0.63,0.11,0.14,22.2,27.0,0.17,21.0,0.31,0.09,0.12,19.7,21.6,116.0,0.46,0.09,0.11,20.2,46.7,73.9,3.08,0.41,0.02,8.6,55.3,1m 8s,6.7,0.02,0.02,3.0,1.5,0.004,0.003,0.92,8.04,1.94,0.81,0.07,2.45,Aleksib,all,28
https://www.hltv.org/stats/players/14759/im?maps=all,0.82,0.73,48.7,1.03,1.12,81.4,18.2,107.1,1.15,0.37,0.09,0.13,19.4,23.6,0.14,16.0,0.23,0.09,0.13,17.2,17.5,111.0,0.71,0.12,0.11,23.0,51.5,72.0,2.96,0.46,0.02,9.0,59.6,1m 4s,5.7,0.0,0.01,1.0,0.6,0.001,0.0005,0.38,3.67,0.64,0.47,0.03,2.17,iM,all,25
https://www.hltv.org/stats/players/18987/b1t?maps=all,0.68,0.7,47.6,0.96,1.12,75.9,17.3,97.6,1.24,0.42,0.09,0.13,20.7,22.7,0.13,19.2,0.33,0.1,0.13,18.5,19.0,108.0,0.69,0.12,0.1,21.5,53.7,74.3,2.51,0.48,0.02,8.1,59.3,1m 12s,9.2,0.01,0.01,1.8,1.0,0.003,0.002,0.54,3.93,0.62,0.62,0.04,2.12,b1t,all,22
https://www.hltv.org/stats/players/19206/jl?maps=all,0.78,0.72,48.4,1.0,1.12,78.7,18.2,101.9,1.11,0.44,0.09,0.14,20.3,24.6,0.15,17.3,0.36,0.1,0.14,18.8,19.6,108.0,0.6,0.11,0.1,20.7,51.8,74.1,2.71,0.52,0.02,8.6,69.3,1m 9s,6.1,0.12,0.07,9.0,4.9,0.02,0.01,0.56,4.61,0.87,0.56,0.04,2.25,jL,all,25
https://www.hltv.org/stats/players/20127/w0nderful?maps=all,0.79,0.76,51.0,1.0,1.19,76.2,18.5,96.9,1.22,0.27,0.09,0.11,19.1,24.1,0.11,18.8,0.63,0.12,0.16,20.9,21.7,101.0,0.55,0.11,0.06,16.9,63.1,74.5,2.12,0.72,0.03,13.9,55.4,1m 21s,13.0,0.91,0.32,41.8,24.5,0.08,0.07,0.49,3.16,0.67,0.6,0.05,2.29,w0nderful,all,20
https://www.hltv.org/stats/players/7322/apex?maps=all,0.66,0.69,46.5,0.96,0.99,76.7,16.8,71.2,0.94,0.16,0.1,0.1,14.5,15.5,0.17,16.5,0.1,0.09,0.09,13.2,18.9,80.0,0.68,0.11,0.12,23.4,48.1,76.0,2.91,0.25,0.01,5.6,60.2,0m 47s,4.1,0.0,0.01,1.3,0.7,0.001,0.002,0.58,5.73,1.13,0.44,0.05,2.39,apEX,all,32
https://www.hltv.org/stats/players/11893/zywoo?maps=all,0.98,0.84,53.2,1.14,1.33,87.5,22.4,112.9,1.43,0.43,0.09,0.13,21.1,24.8,0.13,16.8,0.55,0.12,0.16,18.8,18.0,104.0,0.89,0.15,0.09,24.1,62.1,73.6,2.46,0.8,0.04,11.3,69.1,1m 9s,8.1,0.86,0.31,36.7,22.8,0.08,0.07,0.62,3.7,0.96,0.69,0.06,2.34,ZywOo,all,24
https://www.hltv.org/stats/players/16693/flamez?maps=all,0.71,0.7,46.9,0.97,1.12,77.8,17.2,100.6,1.12,0.8,0.12,0.16,24.2,30.6,0.16,18.7,0.45,0.11,0.14,19.4,20.0,111.0,0.74,0.12,0.12,24.4,49.4,73.8,2.9,0.51,0.02,8.0,67.8,1m 6s,6.8,0.0,0.01,0.8,0.5,0.0008,0.0005,0.8,5.68,1.0,0.82,0.05,2.07,flameZ,all,21
https://www.hltv.org/stats/players/18221/spinx?maps=all,0.78,0.73,48.8,0.98,1.13,77.9,18.2,99.1,1.1,0.33,0.09,0.12,19.5,24.4,0.13,18.5,0.43,0.1,0.14,19.3,19.8,107.0,0.5,0.1,0.09,18.7,53.7,73.1,2.67,0.63,0.03,10.8,66.8,1m 8s,8.5,0.01,0.01,2.0,1.1,0.003,0.002,0.29,3.51,0.73,0.38,0.02,2.39,Spinx,all,24
https://www.hltv.org/stats/players/18462/mezii?maps=all,0.68,0.7,46.9,0.92,1.11,77.0,16.9,95.5,1.17,0.46,0.1,0.13,20.4,28.4,0.15,21.0,0.61,0.11,0.15,21.9,20.5,111.0,0.34,0.09,0.08,16.3,52.6,72.4,2.84,0.7,0.03,11.8,59.0,1m 11s,7.2,0.04,0.03,4.0,2.2,0.006,0.005,0.76,5.13,0.87,0.73,0.05,2.41,mezii,all,26
https://www.hltv.org/stats/players/429/karrigan?maps=all,0.28,0.61,42.5,0.85,0.9,67.7,14.4,64.6,0.85,0.15,0.09,0.11,15.3,17.8,0.14,18.2,0.03,0.07,0.07,11.9,18.8,82.0,0.52,0.1,0.13,22.5,43.8,73.8,2.62,0.3,0.02,5.2,62.5,0m 46s,3.3,0.11,0.06,9.4,4.3,0.01,0.01,0.63,5.03,0.84,0.62,0.03,1.89,karrigan,all,35
https://www.hltv.org/stats/players/8183/rain?maps=all,0.73,0.7,46.8,0.99,1.01,79.1,17.3,90.8,1.15,0.35,0.1,0.13,18.5,21.3,0.15,16.7,0.14,0.09,0.1,14.7,17.4,98.0,0.77,0.12,0.13,25.0,49.1,74.7,2.76,0.31,0.02,5.9,63.6,0m 55s,5.0,0.0,0.0,0.5,0.3,0.0007,0.0006,0.39,4.0,0.63,0.48,0.02,1.78,rain,all,30
https://www.hltv.org/stats/players/9960/frozen?maps=all,0.87,0.75,49.3,1.02,1.12,82.6,18.8,104.0,1.21,0.35,0.09,0.12,19.6,24.6,0.15,18.8,0.46,0.11,0.15,19.4,18.8,109.0,0.57,0.11,0.09,19.9,53.0,73.9,2.92,0.59,0.03,10.7,61.6,1m 0s,8.0,0.04,0.03,3.8,2.1,0.007,0.005,0.63,5.38,1.09,0.56,0.03,2.14,frozen,all,22
https://www.hltv.org/stats/players/11816/ropz?maps=all,0.81,0.74,49.4,0.99,1.15,78.4,18.5,99.3,1.15,0.09,0.07,0.1,16.3,17.8,0.11,19.4,0.32,0.09,0.14,18.3,17.7,106.0,0.47,0.1,0.08,17.7,55.5,73.6,2.54,0.66,0.03,13.0,60.6,1m 9s,10.3,0.05,0.03,4.2,2.4,0.008,0.006,0.22,2.65,0.44,0.39,0.03,2.06,ropz,all,25
https://www.hltv.org/stats/players/18053/broky?maps=all,0.64,0.71,48.2,0.95,1.11,73.0,17.2,93.9,1.17,0.4,0.1,0.12,19.9,28.0,0.11,19.5,0.58,0.11,0.15,21.8,20.5,103.0,0.36,0.09,0.06,14.2,60.8,75.2,2.15,0.69,0.03,12.7,63.5,1m 13s,10.7,0.87,0.28,39.2,22.0,0.07,0.05,0.64,3.53,0.72,0.86,0.06,2.15,broky,all,24
https://www.hltv.org/stats/players/13666/brollan?maps=all,0.73,0.71,47.0,0.98,1.1,78.0,17.5,101.5,1.08,0.44,0.1,0.14,20.2,24.2,0.14,17.6,0.29,0.1,0.13,18.0,18.7,111.0,0.76,0.12,0.12,24.5,50.3,73.0,2.96,0.5,0.02,8.0,68.0,1m 5s,5.4,0.0,0.01,1.0,0.6,0.002,0.001,0.57,4.98,1.0,0.52,0.04,2.33,Brollan,all,22
https://www.hltv.org/stats/players/16820/siuhy?maps=all,0.57,0.67,45.7,0.93,1.03,75.0,16.2,98.0,0.97,0.55,0.1,0.14,20.9,24.9,0.15,16.6,0.23,0.08,0.12,18.1,19.7,112.0,0.62,0.11,0.12,22.6,47.3,76.2,2.81,0.41,0.02,8.0,56.6,1m 2s,3.8,0.0,0.01,0.8,0.5,0.001,0.0007,0.72,4.6,0.68,0.83,0.05,2.22,siuhy,all,22
https://www.hltv.org/stats/players/18072/torzsi?maps=all,0.74,0.74,49.7,1.01,1.15,74.5,18.2,97.4,1.17,0.17,0.08,0.11,17.6,18.9,0.1,17.2,0.45,0.1,0.15,19.7,20.2,101.0,0.66,0.12,0.07,18.9,61.1,76.2,1.9,0.73,0.03,13.4,56.9,1m 9s,10.6,0.94,0.41,54.7,30.9,0.11,0.09,0.55,2.59,0.67,0.7,0.07,2.4,torzsi,all,22
https://www.hltv.org/stats/players/18850/jimpphat?maps=all,0.78,0.72,48.2,0.97,1.15,78.5,18.3,98.3,1.15,0.38,0.1,0.12,20.1,26.6,0.15,22.2,0.68,0.12,0.16,22.4,22.2,108.0,0.25,0.07,0.07,13.9,52.8,75.6,2.98,0.72,0.03,11.6,66.2,1m 12s,10.9,0.0,0.0,0.5,0.3,0.0003,0.0,0.46,4.78,0.97,0.43,0.03,2.26,Jimpphat,all,18
https://www.hltv.org/stats/players/20312/xertion?maps=all,0.74,0.7,47.7,0.98,1.12,79.9,17.4,104.3,1.13,0.56,0.1,0.15,21.6,22.6,0.18,17.9,0.2,0.09,0.12,16.4,19.9,113.0,0.81,0.13,0.14,26.8,48.8,74.5,3.0,0.33,0.01,7.3,59.5,1m 2s,6.0,0.0,0.0,0.4,0.3,0.0005,0.0001,0.64,6.16,0.96,0.54,0.03,2.01,xertioN,all,20
https://www.hltv.org/stats/players/20194/blitz?maps=all,0.81,0.72,48.5,0.99,1.13,82.1,17.9,105.2,1.03,0.36,0.09,0.13,19.4,22.7,0.18,17.4,0.37,0.1,0.14,18.8,20.3,113.0,0.63,0.11,0.11,22.0,50.2,72.7,3.08,0.47,0.02,9.1,62.8,1m 4s,4.8,0.04,0.03,3.5,2.0,0.006,0.005,0.88,7.38,1.51,0.73,0.06,2.48,bLitz,all,23
https://www.hltv.org/stats/players/20275/techno?maps=all,0.51,0.66,44.9,0.91,1.03,72.6,15.9,93.9,1.05,0.62,0.1,0.15,21.9,28.1,0.15,18.4,0.28,0.09,0.12,18.4,21.6,110.0,0.44,0.09,0.11,20.2,46.0,73.6,2.64,0.51,0.02,8.7,69.2,1m 4s,5.0,0.0,0.0,0.5,0.4,0.0003,0.0001,0.41,4.47,0.77,0.42,0.03,2.17,Techno,all,19
https://www.hltv.org/stats/players/20903/senzu?maps=all,0.8,0.73,48.0,1.0,1.13,79.5,18.3,104.9,1.25,0.29,0.09,0.13,18.5,23.6,0.18,16.9,0.32,0.1,0.13,17.7,23.5,109.0,0.76,0.12,0.11,23.2,52.4,75.9,2.55,0.43,0.02,10.2,63.3,1m 4s,5.6,0.1,0.06,8.7,4.6,0.01,0.01,0.38,4.64,0.83,0.38,0.02,2.01,Senzu,all,18
https://www.hltv.org/stats/players/21001/mzinho?maps=all,0.49,0.65,44.3,0.88,1.04,72.5,15.9,92.8,1.11,0.51,0.1,0.14,21.0,27.5,0.17,20.7,0.32,0.09,0.13,19.5,23.2,111.0,0.34,0.09,0.09,17.6,48.3,75.1,2.49,0.51,0.02,8.9,76.5,1m 5s,5.1,0.01,0.01,1.0,0.6,0.002,0.0008,0.49,4.2,0.72,0.52,0.04,2.3,mzinho,all,17
https://www.hltv.org/stats/players/21809/910?maps=all,0.62,0.71,48.3,0.93,1.11,72.1,17.2,91.4,1.1,0.15,0.08,0.1,16.7,21.9,0.12,18.7,0.46,0.1,0.14,20.3,23.4,102.0,0.6,0.11,0.08,18.8,58.0,74.7,1.93,0.73,0.03,13.5,56.8,1m 8s,7.3,0.92,0.34,47.4,27.3,0.09,0.08,0.45,2.75,0.63,0.58,0.05,2.31,910,all,22
https://www.hltv.org/stats/players/9436/nertz?maps=all,0.88,0.75,49.0,1.06,1.09,82.5,19.1,109.6,1.11,0.28,0.09,0.12,18.2,22.1,0.15,16.2,0.29,0.1,0.13,17.1,18.6,109.0,0.82,0.13,0.11,24.3,54.3,73.2,2.98,0.46,0.02,9.3,66.2,1m 4s,7.8,0.02,0.02,2.1,1.2,0.004,0.003,0.48,4.4,0.79,0.5,0.03,2.34,NertZ,all,25
https://www.hltv.org/stats/players/12018/teses?maps=all,0.71,0.7,47.3,0.97,1.1,77.4,17.4,99.8,1.15,0.63,0.11,0.15,21.8,28.8,0.15,17.8,0.55,0.12,0.15,20.6,19.6,110.0,0.58,0.11,0.1,21.0,50.2,72.9,2.8,0.44,0.02,8.1,63.5,1m 6s,5.7,0.0,0.01,0.8,0.5,0.001,0.0003,0.6,4.69,0.72,0.61,0.03,2.16,TeSeS,all,24
https://www.hltv.org/stats/players/14148/sjuush?maps=all,0.6,0.68,46.2,0.92,1.08,75.3,16.5,95.6,1.1,0.57,0.11,0.14,21.4,28.0,0.14,20.2,0.42,0.1,0.14,19.9,18.7,111.0,0.42,0.09,0.09,18.3,50.8,73.4,2.78,0.5,0.02,9.2,60.7,1m 7s,6.9,0.01,0.01,1.7,0.9,0.002,0.001,0.55,4.15,0.83,0.6,0.04,2.22,sjuush,all,26
https://www.hltv.org/stats/players/17306/degster?maps=all,0.83,0.76,50.6,1.02,1.19,77.1,19.4,100.1,1.24,0.12,0.08,0.1,16.9,19.0,0.09,17.7,0.44,0.1,0.15,19.4,17.7,101.0,0.74,0.13,0.08,20.2,62.6,73.7,1.9,0.67,0.03,13.3,56.5,1m 9s,11.5,0.93,0.4,51.6,31.0,0.11,0.1,0.42,2.77,0.92,0.53,0.05,2.43,degster,all,23
https://www.hltv.org/stats/players/19677/kyxsan?maps=all,0.46,0.64,44.5,0.87,1.03,73.2,15.3,92.1,0.95,0.58,0.1,0.14,21.6,28.1,0.16,20.7,0.27,0.09,0.12,18.9,21.2,114.0,0.38,0.09,0.1,19.0,47.0,70.9,2.99,0.53,0.02,9.5,65.6,1m 10s,6.2,0.0,0.01,0.8,0.4,0.0007,0.001,0.88,6.6,1.16,0.87,0.07,2.28,kyxsan,all,24
https://www.hltv.org/stats/players/4679/jks?maps=all,0.66,0.69,46.5,0.93,1.06,76.1,17.0,90.3,1.1,0.24,0.09,0.11,18.3,23.1,0.13,20.6,0.44,0.11,0.14,19.8,19.7,104.0,0.3,0.08,0.07,15.3,53.0,73.2,2.86,0.71,0.03,12.4,64.0,1m 5s,8.3,0.03,0.02,2.9,1.6,0.005,0.004,0.65,5.3,1.18,0.6,0.03,1.97,jks,all,29
https://www.hltv.org/stats/players/8520/naf?maps=all,0.79,0.72,48.5,0.97,1.08,80.6,17.7,89.0,1.05,0.23,0.09,0.11,17.5,21.1,0.16,19.9,0.4,0.11,0.14,18.9,20.4,100.0,0.37,0.09,0.07,15.8,55.3,75.1,3.16,0.59,0.03,10.9,59.9,1m 2s,8.6,0.11,0.06,8.7,4.9,0.01,0.01,0.72,5.92,1.27,0.63,0.04,1.98,NAF,all,27
https://www.hltv.org/stats/players/10394/twistzz?maps=all,0.76,0.73,48.0,0.97,1.1,76.9,18.1,96.6,1.23,0.56,0.1,0.14,22.0,29.7,0.13,19.7,0.66,0.12,0.16,22.1,20.2,106.0,0.37,0.09,0.08,17.0,51.7,74.2,2.68,0.6,0.02,10.3,60.4,1m 9s,8.3,0.03,0.02,2.6,1.5,0.004,0.003,0.57,3.79,0.74,0.73,0.03,1.82,Twistzz,all,25
https://www.hltv.org/stats/players/13915/yekindar?maps=all,0.83,0.73,47.9,1.04,1.12,81.4,18.6,108.5,1.09,0.37,0.09,0.13,19.4,21.1,0.14,15.3,0.15,0.08,0.11,15.4,16.6,111.0,0.87,0.15,0.15,29.8,50.6,73.2,2.81,0.39,0.02,7.2,64.5,1m 9s,6.3,0.06,0.04,5.1,2.8,0.009,0.01,0.5,4.18,0.78,0.53,0.04,2.4,YEKINDAR,all,25
https://www.hltv.org/stats/players/21763/ultimate?maps=all,0.59,0.7,47.5,0.98,1.08,71.1,17.0,95.6,1.03,0.31,0.09,0.12,18.9,22.1,0.11,16.7,0.41,0.1,0.14,19.7,22.8,101.0,0.73,0.12,0.1,22.0,55.6,70.6,1.87,0.61,0.02,12.1,57.8,1m 7s,8.0,0.92,0.34,47.6,26.2,0.09,0.09,0.45,2.58,0.62,0.58,0.06,2.3,ultimate,all,21
https://www.hltv.org/stats/players/2023/fallen?maps=all,0.54,0.68,46.7,0.91,1.05,70.5,16.6,79.5,0.92,0.15,0.09,0.1,16.9,18.5,0.1,19.2,0.17,0.08,0.11,16.6,19.1,91.0,0.66,0.12,0.08,19.6,58.6,73.5,1.97,0.53,0.02,9.5,58.3,1m 2s,7.3,0.93,0.37,54.6,27.9,0.1,0.09,0.64,3.4,0.84,0.93,0.08,2.24,FalleN,all,33
https://www.hltv.org/stats/players/10566/chelo?maps=all,0.66,0.69,46.3,0.96,1.03,75.8,17.0,98.3,1.12,0.55,0.1,0.14,21.6,26.7,0.14,18.5,0.27,0.1,0.12,17.7,19.0,109.0,0.71,0.12,0.12,23.4,50.2,73.4,2.57,0.46,0.02,8.3,59.4,2m 18s,7.0,0.03,0.02,3.1,1.9,0.006,0.005,0.42,3.54,0.76,0.56,0.02,1.87,chelo,all,26
https://www.hltv.org/stats/players/12553/yuurih?maps=all,0.84,0.74,49.3,0.99,1.16,82.8,18.2,104.1,1.17,0.32,0.09,0.12,19.2,24.8,0.16,19.2,0.5,0.11,0.15,20.0,20.1,112.0,0.46,0.1,0.07,16.8,57.0,75.6,3.27,0.55,0.02,10.7,56.1,1m 10s,8.5,0.01,0.01,1.8,1.1,0.003,0.002,0.74,5.05,1.0,0.79,0.04,2.22,yuurih,all,25
https://www.hltv.org/stats/players/15631/kscerato?maps=all,0.81,0.73,48.9,0.97,1.19,79.9,18.2,98.6,1.17,0.2,0.08,0.11,18.3,24.6,0.14,21.8,0.45,0.1,0.14,19.8,20.5,109.0,0.39,0.09,0.06,15.4,58.2,74.6,3.1,0.78,0.03,13.2,61.2,1m 10s,11.2,0.03,0.02,2.6,1.5,0.005,0.003,0.81,5.89,1.35,0.73,0.05,2.36,KSCERATO,all,25
https://www.hltv.org/stats/players/18676/skullz?maps=all,0.6,0.68,46.4,0.93,1.09,74.3,16.5,94.4,1.11,0.46,0.1,0.13,20.8,28.1,0.14,21.0,0.58,0.11,0.15,21.8,20.5,109.0,0.36,0.09,0.08,16.7,52.2,74.1,2.65,0.55,0.02,9.9,63.5,1m 8s,8.4,0.0,0.0,0.5,0.3,0.0006,0.0006,0.48,4.17,0.77,0.53,0.03,2.13,skullz,all,23
https://www.hltv.org/stats/players/7592/device?maps=all,0.88,0.77,50.6,1.04,1.15,79.7,19.7,75.2,1.13,0.04,0.08,0.08,12.2,12.6,0.13,16.2,0.08,0.08,0.09,11.8,19.4,76.0,0.83,0.13,0.09,22.5,58.9,77.5,2.29,0.46,0.02,8.5,58.7,0m 50s,8.7,0.85,0.28,36.4,21.5,0.07,0.07,0.41,4.41,0.87,0.45,0.03,1.92,device,all,29
https://www.hltv.org/stats/players/7964/cadian?maps=all,0.54,0.68,46.9,0.93,1.03,72.0,16.2,82.3,0.97,0.16,0.09,0.1,16.3,20.1,0.12,17.7,0.13,0.08,0.11,15.8,18.8,93.0,0.75,0.12,0.09,21.8,56.4,75.3,2.21,0.56,0.02,12.0,58.5,1m 1s,10.6,0.91,0.32,46.5,24.6,0.08,0.08,0.79,5.25,1.03,0.78,0.07,2.29,cadiaN,all,29
https://www.hltv.org/stats/players/10994/stavn?maps=all,0.81,0.72,48.8,1.0,1.12,81.0,18.0,105.2,1.12,0.42,0.1,0.13,19.8,24.6,0.15,16.6,0.4,0.11,0.14,18.7,18.9,112.0,0.64,0.11,0.1,21.3,52.2,73.5,2.95,0.45,0.02,9.5,62.3,1m 6s,5.8,0.1,0.06,7.9,4.5,0.01,0.01,0.64,4.79,1.01,0.61,0.04,2.32,stavn,all,23
https://www.hltv.org/stats/players/17956/jabbi?maps=all,0.53,0.67,46.0,0.93,1.05,71.8,16.3,93.9,1.05,0.56,0.1,0.14,21.2,27.4,0.12,18.2,0.39,0.1,0.13,19.6,19.5,107.0,0.47,0.1,0.1,19.5,49.5,73.2,2.48,0.55,0.02,9.5,63.4,1m 8s,6.7,0.01,0.01,1.5,0.9,0.002,0.002,0.55,4.35,0.76,0.57,0.03,2.34,jabbi,all,21
https://www.hltv.org/stats/players/20304/staehr?maps=all,0.65,0.68,46.4,0.95,1.08,77.6,16.5,102.0,1.13,0.37,0.1,0.13,19.4,23.6,0.16,18.7,0.36,0.1,0.13,19.2,19.5,114.0,0.64,0.11,0.11,22.2,50.0,71.9,2.98,0.47,0.02,9.9,61.8,1m 7s,8.2,0.0,0.0,0.7,0.5,0.0007,0.0,0.84,6.76,0.81,0.77,0.04,2.33,Staehr,all,20
https://www.hltv.org/stats/players/150/maj3r?maps=all,0.37,0.63,43.9,0.84,0.94,71.4,14.5,88.4,0.96,0.26,0.09,0.12,18.4,21.5,0.14,19.9,0.16,0.08,0.11,17.5,19.5,111.0,0.42,0.09,0.1,19.1,48.3,73.7,2.74,0.47,0.02,9.8,56.2,1m 5s,7.0,0.07,0.04,6.6,3.3,0.009,0.009,0.82,5.36,1.11,0.84,0.08,2.32,MAJ3R,all,34
https://www.hltv.org/stats/players/7938/xantares?maps=all,0.97,0.8,51.4,1.12,1.16,88.9,21.1,108.7,1.22,0.39,0.1,0.13,19.5,21.8,0.16,15.6,0.33,0.11,0.13,16.5,16.9,104.0,0.88,0.14,0.11,25.3,56.2,75.0,3.15,0.36,0.02,7.3,61.4,1m 1s,6.0,0.0,0.01,1.0,0.6,0.002,0.0006,0.58,5.19,0.93,0.54,0.03,2.03,XANTARES,all,29
https://www.hltv.org/stats/players/8574/woxic?maps=all,0.73,0.73,48.7,0.97,1.11,75.3,18.1,96.0,1.08,0.16,0.08,0.11,17.4,19.4,0.11,18.2,0.38,0.1,0.14,19.3,18.5,103.0,0.67,0.12,0.08,19.3,60.3,75.6,1.95,0.72,0.03,13.9,60.4,1m 10s,8.3,0.93,0.39,53.9,30.0,0.11,0.09,0.51,2.65,0.71,0.66,0.06,2.27,woxic,all,26
https://www.hltv.org/stats/players/8575/calyx?maps=all,0.69,0.71,48.0,0.94,1.07,75.6,17.4,94.1,1.08,0.34,0.09,0.12,19.7,23.5,0.12,18.9,0.46,0.1,0.14,20.2,19.6,105.0,0.36,0.09,0.07,16.1,54.1,73.6,2.55,0.59,0.02,10.9,60.7,1m 7s,7.8,0.05,0.03,4.4,2.4,0.008,0.006,0.41,3.72,0.81,0.5,0.03,2.05,Calyx,all,26
https://www.hltv.org/stats/players/21243/wicadia?maps=all,0.73,0.71,47.4,1.0,1.08,76.9,18.0,102.9,1.16,0.58,0.11,0.15,20.8,26.2,0.16,16.9,0.38,0.1,0.13,18.5,23.1,108.0,0.62,0.11,0.12,22.5,48.6,71.1,2.78,0.44,0.02,8.3,62.6,1m 8s,6.4,0.02,0.01,2.1,1.2,0.004,0.003,0.38,4.56,0.87,0.39,0.02,2.01,Wicadia,all,20
https://www.hltv.org/stats/players/11154/exit?maps=all,0.61,0.69,47.1,0.9,1.12,75.1,16.4,92.5,1.01,0.33,0.09,0.11,19.5,27.0,0.14,23.2,0.67,0.12,0.16,23.1,22.2,110.0,0.25,0.07,0.06,13.1,55.2,73.6,2.98,0.71,0.03,13.7,57.6,1m 13s,11.8,0.0,0.0,0.5,0.3,0.0008,0.0004,0.76,5.67,1.26,0.64,0.05,2.43,exit,all,28
https://www.hltv.org/stats/players/18717/lucaozy?maps=all,0.76,0.72,48.8,0.99,1.13,78.0,17.7,101.1,1.14,0.37,0.09,0.13,19.6,23.9,0.14,18.2,0.43,0.1,0.14,19.7,19.6,108.0,0.67,0.11,0.11,21.9,51.8,73.2,2.71,0.46,0.02,9.7,58.7,1m 5s,11.2,0.04,0.03,3.6,2.0,0.006,0.004,0.41,3.79,0.83,0.49,0.03,2.03,Lucaozy,all,23
https://www.hltv.org/stats/players/18835/saffee?maps=all,0.74,0.74,48.9,0.99,1.15,74.8,18.3,96.4,1.11,0.24,0.09,0.11,18.5,21.3,0.11,18.8,0.4,0.1,0.14,19.2,20.7,102.0,0.63,0.11,0.08,19.0,58.9,75.5,2.09,0.6,0.02,11.0,61.2,1m 11s,10.2,0.92,0.35,47.6,25.9,0.09,0.07,0.6,2.88,0.53,0.79,0.07,2.49,saffee,all,30
https://www.hltv.org/stats/players/19750/drop?maps=all,0.29,0.61,42.4,0.83,1.01,68.1,14.4,86.8,1.07,0.73,0.11,0.15,23.2,32.7,0.16,23.5,0.36,0.1,0.12,20.2,24.1,112.0,0.33,0.09,0.09,17.7,48.1,72.8,2.62,0.47,0.02,8.9,64.4,1m 10s,10.9,0.0,0.0,0.4,0.3,0.0004,0.0002,0.49,4.72,1.03,0.48,0.03,2.16,drop,all,21
https://www.hltv.org/stats/players/21037/insani?maps=all,0.84,0.74,48.7,1.03,1.16,81.7,18.4,107.4,1.27,0.66,0.11,0.15,22.3,25.4,0.17,18.0,0.44,0.11,0.14,19.0,21.0,111.0,0.79,0.13,0.12,24.6,51.8,72.7,2.93,0.34,0.01,6.8,61.8,1m 7s,7.8,0.0,0.01,1.0,0.5,0.002,0.001,0.64,4.94,0.79,0.59,0.04,2.34,insani,all,21
https://www.hltv.org/stats/players/18141/biguzera?maps=all,0.75,0.71,47.6,0.96,1.14,79.6,17.5,101.8,1.07,0.56,0.1,0.14,21.8,26.2,0.17,19.2,0.3,0.1,0.13,17.9,20.0,113.0,0.67,0.11,0.11,22.3,50.8,73.9,2.99,0.5,0.02,8.4,63.7,1m 8s,7.5,0.01,0.01,2.0,1.1,0.003,0.001,0.76,5.77,1.13,0.62,0.05,2.54,biguzera,all,28
https://www.hltv.org/stats/players/19694/nqz?maps=all,0.59,0.71,48.2,0.93,1.13,71.1,17.0,90.0,1.13,0.18,0.08,0.1,17.9,23.4,0.1,20.6,0.54,0.1,0.15,21.5,23.0,101.0,0.49,0.1,0.07,16.6,60.0,74.3,2.01,0.71,0.03,12.5,57.6,1m 14s,12.3,0.92,0.36,50.1,27.2,0.09,0.07,0.59,3.16,0.73,0.71,0.07,2.4,nqz,all,20
https://www.hltv.org/stats/players/20085/kauez?maps=all,0.64,0.69,46.8,0.96,1.07,74.7,17.0,97.6,1.11,0.34,0.09,0.13,19.3,21.7,0.14,18.4,0.29,0.1,0.12,18.0,20.0,108.0,0.62,0.11,0.1,21.3,51.1,74.8,2.48,0.45,0.02,8.8,54.5,1m 5s,8.1,0.01,0.01,1.8,1.0,0.002,0.001,0.27,3.12,0.55,0.4,0.03,2.24,kauez,all,21
https://www.hltv.org/stats/players/20171/snow?maps=all,0.5,0.67,45.7,0.91,1.06,72.4,15.8,92.7,1.13,0.57,0.11,0.14,21.4,28.1,0.16,21.5,0.49,0.11,0.14,20.3,24.4,109.0,0.51,0.1,0.1,19.9,50.2,73.8,2.74,0.54,0.02,9.8,59.3,1m 7s,9.3,0.03,0.02,3.3,1.7,0.005,0.004,0.36,3.76,0.94,0.43,0.03,2.22,snow,all,18
https://www.hltv.org/stats/players/20563/lux?maps=all,0.73,0.71,47.5,0.96,1.13,78.9,17.3,101.1,1.22,0.54,0.1,0.14,21.2,25.4,0.18,19.7,0.37,0.1,0.13,18.9,22.3,112.0,0.68,0.11,0.1,21.9,52.0,75.3,2.96,0.44,0.02,8.3,62.6,1m 7s,7.8,0.02,0.02,2.6,1.6,0.003,0.003,0.7,5.96,1.07,0.62,0.03,2.04,lux,all,23
https://www.hltv.org/stats/players/8918/electronic?maps=all,0.83,0.73,48.4,1.01,1.07,81.5,18.4,102.5,1.1,0.42,0.09,0.13,20.2,23.1,0.15,17.4,0.35,0.1,0.13,18.4,18.6,109.0,0.69,0.12,0.11,22.6,51.1,72.9,3.06,0.47,0.02,8.3,62.8,1m 6s,7.7,0.0,0.0,0.6,0.4,0.001,0.0005,0.62,4.6,0.81,0.65,0.03,2.06,electroNic,all,26
https://www.hltv.org/stats/players/12732/fl1t?maps=all,0.78,0.72,48.7,0.98,1.13,80.1,17.7,102.7,1.1,0.29,0.09,0.12,19.1,20.2,0.15,18.6,0.47,0.1,0.14,20.1,18.9,111.0,0.44,0.09,0.09,18.3,51.8,73.1,3.02,0.53,0.02,10.1,61.2,1m 7s,10.9,0.03,0.02,3.1,1.9,0.005,0.004,0.57,5.14,1.21,0.49,0.04,2.46,FL1T,all,24
https://www.hltv.org/stats/players/16612/n0rb3r7?maps=all,0.71,0.7,46.4,0.99,1.08,77.8,17.5,102.9,1.11,0.33,0.09,0.13,19.1,22.0,0.14,17.0,0.1,0.07,0.11,15.1,17.0,111.0,0.65,0.11,0.11,22.6,49.8,70.8,2.81,0.46,0.02,7.8,65.6,1m 4s,5.6,0.04,0.03,4.1,2.2,0.007,0.005,0.47,4.29,0.75,0.5,0.03,2.27,n0rb3r7,all,24
https://www.hltv.org/stats/players/20101/fame?maps=all,0.67,0.7,47.3,0.97,1.1,75.2,17.2,98.2,1.19,0.44,0.09,0.13,20.5,26.3,0.12,18.2,0.46,0.11,0.14,19.7,18.7,107.0,0.64,0.11,0.1,21.4,52.0,73.2,2.59,0.47,0.02,7.8,61.0,1m 10s,8.3,0.01,0.01,1.7,1.0,0.003,0.002,0.44,3.47,0.78,0.54,0.03,2.25,fame,all,22
https://www.hltv.org/stats/players/13497/lucky?maps=all,0.62,0.68,46.3,0.93,1.09,76.7,16.3,98.0,1.05,0.49,0.1,0.13,20.6,26.0,0.16,19.9,0.45,0.1,0.14,20.4,20.9,113.0,0.44,0.09,0.09,18.0,52.2,74.2,2.95,0.54,0.02,10.3,62.6,1m 7s,8.3,0.11,0.06,8.8,4.6,0.02,0.01,0.69,6.95,1.27,0.49,0.04,2.62,Lucky,all,27
https://www.hltv.org/stats/players/19738/djoko?maps=all,0.61,0.68,45.6,0.95,1.05,74.9,16.7,98.6,1.16,0.69,0.12,0.15,21.9,27.8,0.15,17.4,0.4,0.11,0.13,19.3,20.7,110.0,0.66,0.11,0.12,23.6,47.4,73.2,2.62,0.35,0.02,7.4,64.0,1m 1s,5.6,0.0,0.0,0.7,0.4,0.001,0.0003,0.66,5.75,1.03,0.56,0.04,2.18,Djoko,all,28
https://www.hltv.org/stats/players/19739/ex3rcice?maps=all,0.48,0.66,44.9,0.89,1.03,71.3,16.0,91.1,1.1,0.39,0.1,0.13,19.7,24.3,0.14,20.2,0.52,0.11,0.14,21.2,21.9,108.0,0.29,0.08,0.08,16.5,48.9,73.4,2.6,0.62,0.03,10.5,65.8,1m 6s,7.4,0.0,0.01,1.4,0.7,0.001,0.001,0.54,3.93,0.73,0.61,0.04,2.07,Ex3rcice,all,25
https://www.hltv.org/stats/players/21969/graviti?maps=all,0.45,0.65,44.8,0.91,1.01,72.1,15.3,95.9,0.88,0.83,0.13,0.16,23.2,27.4,0.17,17.8,0.44,0.11,0.13,20.1,23.0,111.0,0.69,0.11,0.13,25.0,46.0,72.5,2.69,0.32,0.02,7.3,62.3,1m 1s,6.6,0.0,0.0,0.2,0.1,0.0003,0.0,0.63,4.75,0.83,0.6,0.05,2.27,Graviti,all,21
https://www.hltv.org/stats/players/8738/elige?maps=all,0.88,0.75,49.7,1.05,1.08,83.2,18.9,95.8,1.15,0.32,0.1,0.12,18.2,19.6,0.16,15.6,0.44,0.12,0.14,18.1,18.9,97.0,0.81,0.13,0.12,25.0,51.9,73.5,3.11,0.33,0.02,6.3,64.6,0m 57s,5.0,0.0,0.01,0.9,0.6,0.001,0.001,0.45,4.22,0.73,0.52,0.03,1.9,EliGE,all,27
https://www.hltv.org/stats/players/11630/jt?maps=all,0.36,0.62,43.2,0.85,1.0,70.8,14.7,90.3,0.91,0.8,0.12,0.16,23.4,28.4,0.15,19.7,0.41,0.11,0.13,20.4,20.4,113.0,0.5,0.1,0.11,20.9,46.7,74.4,2.74,0.45,0.02,9.7,61.8,1m 1s,5.4,0.03,0.02,3.1,1.4,0.004,0.004,0.77,4.71,0.78,0.84,0.08,2.5,JT,all,26
https://www.hltv.org/stats/players/12840/hallzerk?maps=all,0.66,0.71,47.7,0.98,1.1,72.9,17.6,96.4,1.1,0.31,0.1,0.12,18.7,22.9,0.1,17.1,0.56,0.11,0.15,21.5,19.1,102.0,0.7,0.12,0.08,20.4,58.5,73.6,1.92,0.71,0.03,11.9,63.6,1m 25s,7.0,0.93,0.36,50.8,27.7,0.1,0.08,0.56,3.29,0.68,0.63,0.07,2.56,hallzerk,all,24
https://www.hltv.org/stats/players/13578/grim?maps=all,0.75,0.71,47.0,1.0,1.1,78.0,17.8,101.9,1.2,0.85,0.12,0.17,24.5,30.7,0.14,17.4,0.67,0.13,0.16,22.0,19.5,109.0,0.51,0.1,0.11,20.6,48.6,72.0,2.91,0.42,0.02,7.8,62.4,1m 4s,6.0,0.0,0.01,0.8,0.4,0.001,0.0006,0.42,3.71,0.63,0.5,0.03,2.33,Grim,all,24
https://www.hltv.org/stats/players/16486/ztr?maps=all,0.38,0.63,43.7,0.88,0.99,70.4,15.0,92.4,0.88,0.49,0.1,0.14,20.4,24.0,0.15,18.5,0.44,0.1,0.13,21.2,22.4,112.0,0.33,0.08,0.1,18.6,44.8,73.8,2.88,0.61,0.03,10.3,69.8,1m 6s,6.2,0.0,0.0,0.7,0.4,0.001,0.0006,0.85,6.26,1.24,0.71,0.06,2.51,ztr,all,21
https://www.hltv.org/stats/players/20301/tauson?maps=all,0.5,0.65,45.2,0.9,1.03,73.5,15.6,94.2,1.09,0.42,0.1,0.13,19.9,23.4,0.15,19.4,0.39,0.1,0.13,20.0,20.7,112.0,0.5,0.1,0.11,20.7,48.2,70.6,2.83,0.44,0.02,9.8,59.0,1m 6s,7.2,0.01,0.01,1.6,0.9,0.003,0.002,0.46,4.67,0.92,0.45,0.03,2.13,Tauson,all,19
https://www.hltv.org/stats/players/20358/volt?maps=all,0.49,0.66,44.9,0.9,1.04,73.0,15.6,93.8,1.06,0.56,0.11,0.14,21.0,26.6,0.15,20.7,0.59,0.12,0.15,22.2,21.4,111.0,0.37,0.09,0.1,18.4,48.3,70.7,2.69,0.62,0.03,10.1,64.5,1m 7s,7.1,0.0,0.01,1.2,0.6,0.001,0.001,0.55,4.55,0.81,0.56,0.03,2.23,volt,all,23
https://www.hltv.org/stats/players/20870/sl3nd?maps=all,0.64,0.7,48.3,0.94,1.13,74.5,16.8,95.7,1.05,0.2,0.09,0.11,17.7,20.6,0.13,20.7,0.46,0.1,0.14,20.3,22.5,106.0,0.47,0.1,0.06,16.2,60.8,73.4,2.26,0.77,0.03,14.3,56.8,1m 13s,13.2,0.92,0.34,48.0,26.4,0.09,0.07,0.77,5.43,1.23,0.67,0.07,2.38,sl3nd,all,20
https://www.hltv.org/stats/players/20994/fl4mus?maps=all,0.64,0.68,46.1,0.97,1.06,75.8,17.0,101.2,1.13,0.59,0.11,0.15,21.1,26.3,0.17,18.0,0.4,0.11,0.13,19.0,22.7,111.0,0.7,0.12,0.12,23.6,49.2,71.9,2.73,0.4,0.02,8.0,59.8,1m 5s,5.8,0.0,0.0,0.3,0.2,0.0,0.0,0.41,4.16,0.54,0.46,0.02,2.3,FL4MUS,all,20
https://www.hltv.org/stats/players/5794/tabsen?maps=all,0.81,0.72,46.9,1.02,1.03,82.9,18.1,87.6,1.1,0.2,0.1,0.11,16.0,17.7,0.16,16.3,0.15,0.09,0.1,14.7,18.1,92.0,0.69,0.12,0.12,23.6,49.0,73.2,3.09,0.32,0.02,5.6,61.7,0m 50s,4.6,0.06,0.04,5.2,2.8,0.01,0.008,0.83,8.39,1.24,0.67,0.05,2.41,tabseN,all,30
https://www.hltv.org/stats/players/7266/syrson?maps=all,0.7,0.73,48.7,1.01,1.09,73.7,18.0,93.8,1.08,0.12,0.08,0.1,16.2,17.8,0.1,15.9,0.24,0.09,0.12,17.0,17.8,96.0,0.85,0.14,0.1,23.2,58.7,75.7,1.74,0.63,0.03,12.0,59.6,1m 2s,8.3,0.95,0.45,61.2,34.0,0.12,0.11,0.4,2.56,0.68,0.52,0.05,2.35,syrsoN,all,29
https://www.hltv.org/stats/players/12708/rigon?maps=all,0.81,0.73,48.2,1.03,1.08,79.8,18.3,106.0,1.2,0.52,0.1,0.15,20.4,22.7,0.14,14.8,0.3,0.1,0.13,17.6,18.4,109.0,0.73,0.12,0.12,24.1,49.5,72.3,2.63,0.41,0.02,8.2,64.7,0m 56s,3.1,0.06,0.04,4.8,2.6,0.008,0.006,0.27,3.75,0.82,0.31,0.02,2.32,rigoN,all,25
https://www.hltv.org/stats/players/14929/jdc?maps=all,0.67,0.69,46.4,0.96,1.07,76.3,17.2,98.7,1.15,0.39,0.1,0.13,19.5,23.3,0.15,18.3,0.42,0.1,0.14,19.9,19.4,110.0,0.51,0.1,0.11,20.8,48.6,69.2,2.71,0.4,0.02,8.1,61.6,1m 4s,5.6,0.02,0.02,2.5,1.3,0.005,0.003,0.45,3.57,0.54,0.57,0.03,1.96,JDC,all,25
https://www.hltv.org/stats/players/19899/krimbo?maps=all,0.64,0.7,47.5,0.93,1.11,75.4,16.7,95.4,1.11,0.15,0.08,0.1,17.1,22.6,0.13,21.3,0.4,0.1,0.14,19.6,20.6,108.0,0.36,0.09,0.07,16.2,54.3,71.5,2.77,0.83,0.03,15.3,62.8,1m 11s,11.6,0.05,0.03,4.7,2.4,0.008,0.006,0.83,6.52,1.25,0.67,0.06,2.48,Krimbo,all,22
https://www.hltv.org/stats/players/630/mutiris?maps=all,0.59,0.67,46.3,0.93,0.98,76.0,16.1,83.8,0.99,0.21,0.1,0.11,16.1,20.9,0.16,18.1,0.2,0.09,0.11,16.6,21.0,96.0,0.52,0.1,0.1,20.2,50.1,73.5,2.95,0.39,0.02,8.5,61.3,0m 55s,5.5,0.0,0.0,0.5,0.3,0.0006,0.0006,0.83,6.0,0.98,0.8,0.04,2.57,MUTiRiS,all,32
https://www.hltv.org/stats/players/2241/roman?maps=all,0.51,0.66,45.9,0.91,0.97,72.7,15.8,81.4,0.99,0.28,0.1,0.12,17.3,23.1,0.13,17.7,0.31,0.1,0.12,17.9,22.0,95.0,0.44,0.09,0.09,18.2,52.0,74.5,2.67,0.39,0.02,8.9,56.7,0m 56s,5.6,0.01,0.01,1.7,0.9,0.002,0.001,0.54,4.25,0.65,0.59,0.03,2.18,roman,all,32
https://www.hltv.org/stats/players/20462/story?maps=all,0.51,0.68,46.9,0.92,1.08,70.2,16.4,90.9,1.01,0.23,0.09,0.11,18.1,23.7,0.12,19.1,0.44,0.1,0.14,20.7,22.0,104.0,0.6,0.11,0.08,18.6,58.7,76.1,2.08,0.67,0.03,13.1,56.2,1m 10s,9.4,0.91,0.32,46.5,24.7,0.08,0.07,0.71,3.92,0.81,0.84,0.1,2.7,story,all,23
https://www.hltv.org/stats/players/21014/ag1l?maps=all,0.43,0.65,45.1,0.89,1.01,71.4,15.2,91.2,1.01,0.45,0.1,0.13,19.8,27.3,0.15,20.2,0.7,0.12,0.16,24.2,23.0,110.0,0.19,0.07,0.08,14.8,47.8,69.6,2.78,0.56,0.02,11.1,59.7,1m 8s,7.5,0.01,0.01,1.2,0.7,0.002,0.001,0.68,4.8,0.82,0.65,0.05,2.35,Ag1l,all,22
https://www.hltv.org/stats/players/21136/shr?maps=all,0.84,0.74,49.1,1.08,1.09,80.7,18.7,109.9,1.19,0.46,0.1,0.14,19.5,22.9,0.15,14.1,0.48,0.11,0.14,19.3,19.2,109.0,0.75,0.12,0.12,24.3,50.8,70.5,2.78,0.39,0.02,8.8,65.2,0m 59s,4.6,0.16,0.09,11.7,6.6,0.02,0.02,0.25,2.97,0.47,0.36,0.03,2.49,Shr,all,24
https://www.hltv.org/stats/players/8507/stanislaw?maps=all,0.43,0.64,44.3,0.86,0.95,72.2,15.2,82.4,0.98,0.37,0.1,0.13,19.0,22.7,0.15,19.7,0.17,0.09,0.11,17.1,19.8,103.0,0.44,0.09,0.11,19.9,47.1,73.6,2.83,0.46,0.02,9.3,61.3,0m 59s,5.5,0.02,0.02,2.8,1.4,0.004,0.003,0.78,5.91,1.13,0.69,0.05,2.17,stanislaw,all,31
https://www.hltv.org/stats/players/8711/sonic?maps=all,0.8,0.73,48.8,0.99,1.09,79.0,18.3,98.5,1.11,0.59,0.11,0.14,21.3,26.8,0.15,17.8,0.58,0.12,0.15,20.7,20.2,106.0,0.6,0.11,0.09,19.8,54.7,73.4,2.72,0.56,0.02,10.6,62.4,1m 3s,5.8,0.24,0.12,16.2,8.5,0.03,0.02,0.68,4.49,0.96,0.69,0.05,2.36,Sonic,all,26
https://www.hltv.org/stats/players/16726/phzy?maps=all,0.62,0.7,47.1,0.95,1.1,73.2,17.1,95.1,1.15,0.19,0.09,0.11,17.6,21.6,0.11,18.9,0.33,0.09,0.13,19.2,19.6,105.0,0.54,0.1,0.08,18.5,55.9,73.6,2.13,0.71,0.03,13.5,60.5,1m 9s,9.6,0.91,0.32,45.5,25.5,0.08,0.07,0.57,3.22,0.74,0.66,0.07,2.51,phzy,all,22
https://www.hltv.org/stats/players/21163/susp?maps=all,0.64,0.68,46.0,0.93,1.09,77.2,16.7,99.7,1.16,0.48,0.1,0.14,20.2,23.7,0.19,20.1,0.39,0.11,0.13,19.1,21.8,114.0,0.72,0.12,0.13,24.4,48.6,71.5,2.9,0.48,0.02,8.4,58.3,1m 4s,5.5,0.0,0.0,0.7,0.4,0.0008,0.001,0.41,5.01,0.67,0.4,0.02,1.91,susp,all,20
https://www.hltv.org/stats/players/21665/jba?maps=all,0.71,0.72,48.0,0.96,1.12,76.0,17.4,95.4,1.27,0.63,0.11,0.14,21.9,30.1,0.15,20.6,0.79,0.13,0.17,23.5,24.4,106.0,0.31,0.08,0.07,15.7,52.4,73.0,2.76,0.73,0.03,12.1,56.0,1m 9s,7.6,0.0,0.0,0.5,0.3,0.0004,0.0004,0.41,4.73,0.97,0.41,0.03,1.92,JBa,all,20
https://www.hltv.org/stats/players/9115/dexter?maps=all,0.77,0.72,47.8,0.97,1.05,78.9,17.9,100.0,1.06,0.33,0.09,0.13,19.1,21.2,0.15,17.1,0.25,0.09,0.12,17.3,19.0,109.0,0.73,0.12,0.11,22.6,52.8,75.2,2.87,0.4,0.02,7.4,61.0,1m 3s,3.8,0.04,0.03,3.9,2.1,0.007,0.007,0.79,5.28,1.19,0.75,0.06,2.38,dexter,all,30
https://www.hltv.org/stats/players/10588/liazz?maps=all,0.67,0.69,46.6,0.92,1.06,77.2,16.9,95.1,1.05,0.53,0.1,0.13,21.5,30.1,0.16,21.1,0.51,0.11,0.14,20.7,21.2,111.0,0.34,0.08,0.07,15.9,53.2,74.1,3.05,0.63,0.03,10.7,66.7,1m 7s,6.9,0.0,0.01,0.8,0.5,0.001,0.0008,0.61,4.9,1.12,0.58,0.04,2.02,Liazz,all,27
https://www.hltv.org/stats/players/11139/alistair?maps=all,0.67,0.71,48.1,0.95,1.13,74.0,17.5,93.8,1.12,0.25,0.09,0.11,18.6,20.9,0.12,17.8,0.18,0.08,0.12,16.4,19.8,104.0,0.81,0.13,0.1,22.9,56.2,77.5,2.19,0.59,0.02,10.9,60.8,1m 5s,6.0,0.91,0.3,42.1,22.4,0.08,0.07,0.56,3.31,1.02,0.66,0.06,2.21,aliStair,all,27
https://www.hltv.org/stats/players/11140/ins?maps=all,0.91,0.76,49.5,1.02,1.19,85.7,19.4,107.7,1.22,0.41,0.1,0.13,20.0,23.7,0.18,17.6,0.25,0.09,0.13,16.6,19.9,113.0,0.71,0.12,0.1,21.9,53.2,76.8,3.38,0.55,0.02,9.7,62.3,1m 4s,4.5,0.04,0.03,3.9,2.2,0.007,0.006,0.81,8.88,1.93,0.65,0.04,2.2,INS,all,26
https://www.hltv.org/stats/players/17384/vexite?maps=all,0.84,0.74,48.9,1.01,1.14,80.7,18.6,103.1,1.17,0.54,0.11,0.14,20.6,26.1,0.15,17.5,0.49,0.11,0.14,19.4,20.1,108.0,0.73,0.12,0.11,22.9,51.8,74.9,2.88,0.39,0.02,8.1,63.2,1m 2s,4.4,0.0,0.01,1.0,0.6,0.001,0.002,0.59,4.88,1.14,0.54,0.04,2.25,Vexite,all,20
https://www.hltv.org/stats/players/15370/slaxz?maps=all,0.64,0.71,47.9,0.96,1.13,72.6,17.4,95.1,1.09,0.18,0.09,0.11,17.6,19.8,0.1,18.8,0.31,0.09,0.13,18.5,18.3,102.0,0.76,0.13,0.08,20.7,61.5,73.9,1.77,0.66,0.03,12.5,60.1,1m 8s,10.0,0.95,0.45,62.6,34.7,0.12,0.1,0.64,3.42,0.66,0.77,0.08,2.48,slaxz-,all,26
https://www.hltv.org/stats/players/16599/swisher?maps=all,0.77,0.71,47.8,0.98,1.11,80.0,17.7,102.4,1.14,0.54,0.1,0.14,21.1,24.7,0.17,17.8,0.44,0.11,0.14,19.6,20.3,112.0,0.57,0.1,0.11,21.2,49.5,73.3,3.17,0.48,0.02,8.4,64.6,1m 3s,4.9,0.01,0.01,1.8,1.0,0.003,0.002,0.81,5.71,1.22,0.71,0.06,2.42,Swisher,all,26
https://www.hltv.org/stats/players/17378/reck?maps=all,0.64,0.69,47.0,0.95,1.07,75.5,16.7,97.2,1.14,0.54,0.1,0.14,21.1,26.5,0.15,17.8,0.38,0.1,0.13,19.4,20.9,109.0,0.38,0.09,0.09,18.4,48.8,72.0,2.77,0.53,0.02,9.9,65.1,1m 5s,4.9,0.01,0.01,1.2,0.6,0.002,0.001,0.53,3.95,0.68,0.6,0.04,2.06,reck,all,21
https://www.hltv.org/stats/players/20104/s1n?maps=all,0.6,0.67,45.5,0.9,1.09,76.5,16.4,96.6,1.17,0.4,0.1,0.13,20.2,23.7,0.17,21.3,0.52,0.1,0.15,21.8,21.3,114.0,0.36,0.09,0.09,17.5,50.1,73.4,2.99,0.52,0.02,10.6,55.6,1m 6s,8.5,0.02,0.02,2.5,1.4,0.004,0.003,0.91,6.9,1.07,0.94,0.08,2.47,s1n,all,23
https://www.hltv.org/stats/players/22921/lake?maps=all,0.9,0.76,49.1,1.09,1.17,84.6,19.5,113.6,1.15,0.79,0.12,0.16,22.8,26.4,0.22,16.4,0.4,0.11,0.13,17.4,24.2,112.0,0.84,0.14,0.14,28.5,49.5,72.4,3.25,0.47,0.02,7.2,60.8,1m 1s,4.9,0.0,0.01,0.9,0.7,0.002,0.0009,0.5,4.84,0.82,0.47,0.04,2.15,Lake,all,20
https://www.hltv.org/stats/players/9219/felps?maps=all,0.89,0.75,49.5,1.05,1.07,83.8,19.1,107.2,1.02,0.51,0.1,0.14,20.8,22.6,0.17,15.2,0.18,0.09,0.12,15.5,18.8,109.0,0.85,0.14,0.13,27.1,50.6,75.6,3.1,0.29,0.01,6.7,58.3,1m 2s,6.3,0.04,0.03,3.5,2.0,0.006,0.006,0.49,3.7,0.73,0.62,0.03,1.83,felps,all,28
https://www.hltv.org/stats/players/12822/vini?maps=all,0.48,0.65,44.3,0.89,1.04,72.8,15.7,91.9,1.04,0.57,0.1,0.14,22.0,27.7,0.15,20.6,0.26,0.09,0.12,18.6,20.5,112.0,0.42,0.09,0.1,19.1,48.3,74.4,2.82,0.44,0.02,7.9,63.6,1m 7s,5.8,0.0,0.01,1.3,0.7,0.002,0.0009,0.6,4.56,0.85,0.62,0.04,2.13,VINI,all,25
https://www.hltv.org/stats/players/19869/try?maps=all,0.81,0.76,50.2,1.0,1.19,76.7,18.9,98.4,1.13,0.25,0.09,0.11,18.9,21.5,0.11,18.3,0.48,0.1,0.15,19.9,19.6,101.0,0.71,0.12,0.07,19.7,62.3,74.2,1.98,0.66,0.03,12.0,60.0,1m 10s,10.9,0.93,0.4,52.5,30.3,0.11,0.1,0.67,3.61,0.81,0.79,0.09,2.59,try,all,20
https://www.hltv.org/stats/players/20183/decenty?maps=all,0.79,0.73,49.1,0.98,1.14,78.1,18.4,98.8,1.19,0.16,0.08,0.11,17.3,19.7,0.15,19.8,0.71,0.12,0.17,23.1,22.8,106.0,0.36,0.09,0.07,15.9,55.1,73.6,2.68,0.59,0.02,11.0,64.6,1m 7s,9.9,0.06,0.04,4.8,2.7,0.01,0.006,0.21,2.86,0.6,0.32,0.03,2.3,decenty,all,21
https://www.hltv.org/stats/players/22564/noway?maps=all,0.59,0.68,46.6,0.93,1.1,74.8,16.2,96.3,1.14,0.71,0.11,0.15,23.4,26.0,0.19,21.0,0.46,0.1,0.14,19.9,26.5,110.0,0.57,0.1,0.11,21.4,48.7,73.1,2.77,0.33,0.01,7.0,54.3,1m 6s,8.1,0.01,0.48,4.7,0.71,0.5,0.02,1.82,noway,all,19
https://www.hltv.org/stats/players/17803/fear?maps=all,0.38,0.63,44.2,0.85,1.04,71.4,14.7,90.9,0.92,0.71,0.12,0.15,22.7,29.3,0.19,22.1,0.48,0.1,0.13,21.1,26.8,113.0,0.39,0.09,0.1,18.8,47.9,72.2,2.88,0.52,0.02,10.3,62.8,1m 8s,10.1,0.0,0.01,0.9,0.6,0.0005,0.0005,0.76,6.44,1.31,0.61,0.05,2.25,fear,all,24
https://www.hltv.org/stats/players/23046/jambo?maps=all,0.8,0.74,49.4,1.01,1.19,77.8,18.5,101.4,1.13,0.29,0.09,0.12,18.5,23.9,0.16,19.3,0.42,0.1,0.14,18.9,24.7,105.0,0.86,0.14,0.1,24.1,59.5,72.0,2.13,0.73,0.03,12.2,54.7,1m 8s,9.2,0.89,0.3,40.4,23.0,0.08,0.08,0.51,3.26,0.81,0.58,0.06,2.44,jambo,all,20
https://www.hltv.org/stats/players/23413/s-chilla?maps=all,0.34,0.62,43.9,0.84,1.02,70.5,14.3,89.6,1.02,0.82,0.12,0.16,23.7,31.8,0.2,22.7,0.41,0.1,0.12,19.8,27.8,113.0,0.39,0.09,0.1,18.8,48.0,72.8,2.73,0.42,0.02,8.3,62.2,1m 6s,7.4,0.0,0.0,0.5,0.3,0.0005,0.0,0.31,4.36,0.86,0.32,0.02,2.05,s-chilla,all,19
https://www.hltv.org/stats/players/23414/jackasmo?maps=all,0.72,0.71,47.2,0.97,1.1,77.3,17.5,100.0,1.16,0.39,0.1,0.13,19.4,25.8,0.19,20.6,0.67,0.11,0.16,22.6,26.2,109.0,0.3,0.08,0.09,17.5,48.2,67.9,2.74,0.5,0.02,9.2,61.3,1m 5s,7.6,0.0,0.01,1.0,0.6,0.001,0.0003,0.69,5.46,0.84,0.61,0.04,2.23,jackasmo,all,17
https://www.hltv.org/stats/players/23415/zerrofix?maps=all,0.3,0.62,43.4,0.86,1.0,68.0,14.3,89.3,1.05,0.84,0.13,0.16,23.8,30.9,0.19,21.8,0.65,0.12,0.14,22.4,29.8,110.0,0.42,0.09,0.11,20.0,45.3,74.9,2.45,0.38,0.02,8.5,61.5,1m 5s,9.7,0.01,0.01,2.0,0.9,0.003,0.001,0.32,3.88,0.76,0.41,0.02,1.85,zeRRoFIX,all,18
https://www.hltv.org/stats/players/16147/cptkurtka023?maps=all,0.6,0.68,45.5,0.95,1.05,75.6,16.5,100.7,1.08,0.84,0.12,0.17,23.8,29.7,0.17,18.3,0.46,0.11,0.14,20.1,20.9,112.0,0.71,0.12,0.13,24.5,47.8,72.9,2.69,0.33,0.02,6.9,62.1,0m 59s,4.9,0.0,0.0,0.3,0.2,0.0002,0.0001,0.35,3.92,0.74,0.4,0.03,2.27,cptkurtka023,all,25
https://www.hltv.org/stats/players/19592/headtr1ck?maps=all,0.73,0.73,49.3,0.97,1.15,75.5,17.7,96.6,1.12,0.31,0.1,0.11,19.2,24.8,0.14,20.3,0.72,0.12,0.17,23.0,24.4,104.0,0.39,0.09,0.06,15.1,60.1,74.0,2.32,0.74,0.03,14.3,62.7,1m 12s,12.8,0.83,0.27,36.3,20.4,0.06,0.05,0.66,5.02,1.15,0.57,0.06,2.42,headtr1ck,all,20
https://www.hltv.org/stats/players/20112/alex666?maps=all,0.65,0.68,46.3,0.94,1.08,76.8,16.8,98.3,1.14,0.57,0.1,0.14,21.4,26.3,0.18,20.4,0.54,0.11,0.15,21.4,23.3,112.0,0.41,0.09,0.1,19.1,48.0,73.3,2.89,0.54,0.02,10.1,63.5,1m 4s,7.7,0.01,0.01,1.9,1.0,0.003,0.002,0.37,4.12,0.86,0.43,0.03,2.14,alex666,all,23
https://www.hltv.org/stats/players/21708/npl?maps=all,0.76,0.71,47.6,0.98,1.13,79.3,17.7,103.8,1.2,0.76,0.12,0.16,23.1,27.7,0.19,19.0,0.68,0.12,0.16,22.1,23.3,111.0,0.67,0.11,0.12,22.9,49.4,72.4,2.89,0.5,0.02,8.5,68.0,1m 3s,6.8,0.0,0.0,0.5,0.3,0.0007,0.0004,0.44,4.52,0.79,0.46,0.03,2.03,npl,all,19
https://www.hltv.org/stats/players/23643/esenthial?maps=all,0.28,0.62,42.9,0.83,0.97,66.2,14.7,85.1,0.97,0.84,0.12,0.16,24.5,34.6,0.17,22.1,0.64,0.11,0.14,23.0,28.8,108.0,0.31,0.08,0.09,17.7,46.8,73.9,2.3,0.52,0.02,9.6,64.5,1m 4s,7.8,0.0,0.0,0.4,0.2,0.0003,0.0002,0.18,3.23,0.63,0.28,0.02,1.83,esenthial,all,19
https://www.hltv.org/stats/players/11840/boombl4?maps=all,0.52,0.65,44.7,0.91,1.03,74.7,15.8,96.4,1.02,0.51,0.1,0.14,20.8,24.1,0.15,18.1,0.16,0.08,0.11,17.0,19.1,114.0,0.68,0.11,0.13,24.5,46.4,72.4,3.09,0.46,0.02,8.1,62.2,1m 5s,4.9,0.03,0.02,3.0,1.6,0.004,0.004,0.71,4.78,0.84,0.74,0.04,2.23,Boombl4,all,26
https://www.hltv.org/stats/players/15071/interz?maps=all,0.14,0.58,41.4,0.74,0.99,63.1,12.8,76.0,1.04,0.54,0.1,0.13,22.4,28.6,0.12,25.7,0.57,0.1,0.14,24.1,22.9,109.0,0.17,0.06,0.06,12.5,48.6,74.5,2.49,0.54,0.02,10.2,59.8,1m 14s,12.2,0.01,0.01,1.9,0.9,0.002,0.001,0.68,4.99,1.0,0.63,0.05,2.29,interz,all,24
https://www.hltv.org/stats/players/16555/ax1le?maps=all,0.8,0.72,48.1,0.99,1.15,80.1,18.2,102.8,1.21,0.39,0.09,0.13,20.2,22.7,0.15,19.2,0.3,0.1,0.13,17.7,18.9,111.0,0.63,0.11,0.09,20.2,54.5,76.1,3.0,0.48,0.02,9.1,63.8,1m 9s,9.3,0.03,0.02,3.0,1.7,0.005,0.003,0.74,5.41,1.12,0.72,0.04,2.18,Ax1Le,all,23
https://www.hltv.org/stats/players/20447/heavygod?maps=all,0.76,0.72,48.7,0.97,1.13,79.1,17.5,100.2,1.24,0.13,0.08,0.11,16.5,19.3,0.15,18.9,0.41,0.1,0.14,19.1,20.6,110.0,0.51,0.1,0.09,19.3,52.7,70.4,2.76,0.75,0.03,12.5,63.4,1m 9s,9.3,0.0,0.0,0.7,0.5,0.0007,0.0006,0.55,3.37,0.59,0.71,0.04,2.12,HeavyGod,all,22
https://www.hltv.org/stats/players/21439/icy?maps=all,0.59,0.71,48.4,0.95,1.14,69.5,17.3,91.1,1.12,0.22,0.09,0.1,18.0,27.6,0.1,20.1,0.73,0.12,0.17,23.4,24.5,98.0,0.56,0.11,0.07,17.4,61.8,72.9,1.83,0.89,0.04,15.0,65.0,1m 15s,13.8,0.93,0.36,50.6,28.4,0.1,0.08,0.51,3.23,0.96,0.58,0.06,2.52,ICY,all,19
https://www.hltv.org/stats/players/7528/krimz?maps=all,0.61,0.69,46.8,0.92,1.03,74.7,16.6,66.5,1.0,0.1,0.09,0.09,13.8,18.4,0.15,20.0,0.21,0.1,0.1,15.1,21.8,80.0,0.34,0.09,0.08,16.7,51.4,74.0,2.92,0.45,0.02,8.7,60.2,0m 50s,6.0,0.01,0.01,2.0,1.1,0.003,0.002,0.45,4.35,0.81,0.49,0.03,1.94,KRIMZ,all,31
https://www.hltv.org/stats/players/8374/bodyy?maps=all,0.6,0.67,45.6,0.93,0.98,76.4,16.4,93.3,0.99,0.54,0.11,0.14,20.4,25.2,0.16,17.6,0.22,0.09,0.12,17.3,18.5,107.0,0.66,0.11,0.12,22.8,49.3,73.1,2.77,0.38,0.02,8.2,60.7,0m 58s,5.0,0.01,0.01,2.0,1.1,0.003,0.002,0.68,5.06,0.86,0.65,0.04,2.06,bodyy,all,28
https://www.hltv.org/stats/players/13670/nawwk?maps=all,0.66,0.72,49.4,0.97,1.13,71.9,17.6,93.0,1.11,0.16,0.08,0.1,17.3,22.9,0.09,18.6,0.55,0.11,0.15,21.3,21.1,99.0,0.44,0.1,0.06,15.5,61.3,75.5,1.93,0.86,0.04,16.6,57.4,1m 15s,11.4,0.92,0.33,44.8,26.2,0.09,0.06,0.4,2.71,0.72,0.52,0.05,2.4,nawwk,all,27
https://www.hltv.org/stats/players/15165/blamef?maps=all,0.91,0.77,51.0,1.03,1.23,85.4,19.0,108.3,1.17,0.1,0.07,0.1,16.3,20.7,0.15,19.6,0.42,0.1,0.15,19.0,19.3,111.0,0.74,0.12,0.08,20.6,59.9,75.1,3.3,0.76,0.03,14.8,56.8,1m 11s,13.6,0.0,0.01,0.8,0.5,0.001,0.0009,0.71,7.2,1.53,0.53,0.04,2.39,blameF,all,27
https://www.hltv.org/stats/players/21062/matys?maps=all,0.91,0.77,49.4,1.1,1.15,82.7,19.9,111.0,1.22,0.72,0.12,0.16,22.0,26.6,0.15,15.6,0.61,0.13,0.15,20.1,20.2,108.0,0.78,0.13,0.12,24.6,51.6,71.4,2.69,0.33,0.02,5.7,70.6,1m 1s,5.5,0.0,0.0,0.6,0.4,0.001,0.0005,0.45,3.8,0.54,0.53,0.03,2.26,MATYS,all,23
https://www.hltv.org/stats/players/15662/zorte?maps=all,0.67,0.72,48.9,0.96,1.14,72.9,17.7,93.9,1.17,0.22,0.09,0.11,18.4,22.1,0.1,18.3,0.54,0.11,0.15,21.0,18.8,101.0,0.71,0.12,0.08,20.0,61.1,73.6,1.88,0.71,0.03,13.4,59.4,1m 9s,10.8,0.92,0.35,48.6,27.4,0.09,0.09,0.61,2.86,0.66,0.88,0.07,2.38,zorte,all,26
https://www.hltv.org/stats/players/18506/s1ren?maps=all,0.49,0.66,45.9,0.88,1.05,72.1,15.7,90.4,1.09,0.63,0.11,0.14,21.7,31.1,0.15,20.5,0.66,0.12,0.15,23.1,22.6,109.0,0.25,0.08,0.08,15.6,49.0,73.7,2.57,0.53,0.02,10.8,62.4,1m 7s,7.3,0.0,0.0,0.6,0.4,0.0005,0.0,0.3,3.53,0.84,0.38,0.03,2.2,S1ren,all,22
https://www.hltv.org/stats/players/21667/magnojez?maps=all,0.79,0.72,48.1,1.01,1.12,80.9,17.8,106.9,1.18,0.59,0.1,0.15,21.1,25.3,0.18,17.2,0.23,0.09,0.12,16.8,20.9,113.0,0.81,0.13,0.14,26.9,49.2,71.6,3.04,0.4,0.02,7.7,60.5,1m 3s,5.6,0.02,0.02,2.4,1.3,0.003,0.002,0.62,5.88,1.13,0.5,0.03,2.35,Magnojez,all,20
https://www.hltv.org/stats/players/12092/max?maps=all,0.6,0.67,46.1,0.92,1.08,77.1,16.1,99.3,1.11,0.52,0.1,0.14,20.9,24.3,0.16,18.9,0.27,0.09,0.12,18.4,18.5,115.0,0.68,0.11,0.12,23.3,48.8,74.4,3.01,0.4,0.02,8.8,62.4,1m 7s,7.0,0.01,0.01,1.3,0.8,0.002,0.001,0.62,5.25,0.73,0.53,0.04,2.52,max,all,25
https://www.hltv.org/stats/players/14736/dgt?maps=all,0.8,0.74,50.1,1.0,1.16,78.5,18.2,99.9,1.16,0.23,0.08,0.11,18.4,23.1,0.13,19.0,0.59,0.11,0.16,21.2,20.9,106.0,0.45,0.1,0.07,16.6,57.8,75.0,2.8,0.58,0.02,11.4,63.0,1m 9s,11.9,0.0,0.0,0.6,0.4,0.0007,0.0004,0.31,3.91,1.04,0.35,0.02,2.3,dgt,all,23
https://www.hltv.org/stats/players/21239/martinezsa?maps=all,0.65,0.72,49.2,0.99,1.13,71.6,17.5,94.3,1.14,0.14,0.08,0.1,16.6,21.7,0.1,18.7,0.36,0.09,0.14,18.9,22.4,99.0,0.72,0.13,0.07,19.8,63.5,72.1,1.81,0.69,0.03,14.1,62.8,1m 13s,12.4,0.93,0.39,53.1,29.2,0.1,0.09,0.49,1.96,0.39,0.65,0.07,2.43,MartinezSa,all,24
https://www.hltv.org/stats/players/22613/huasopeek?maps=all,0.53,0.67,45.0,0.92,1.05,72.7,16.3,94.0,1.17,0.67,0.11,0.15,21.9,30.3,0.17,20.9,0.49,0.11,0.14,20.6,25.6,109.0,0.39,0.09,0.1,18.7,48.4,71.6,2.59,0.48,0.02,8.6,70.9,1m 8s,7.5,0.0,0.01,1.3,0.6,0.002,0.0006,0.31,3.41,0.79,0.44,0.03,1.91,HUASOPEEK,all,22
https://www.hltv.org/stats/players/19187/xfl0ud?maps=all,0.55,0.66,45.2,0.9,1.06,74.9,15.9,96.0,1.09,0.4,0.09,0.13,20.2,25.6,0.16,20.2,0.26,0.09,0.12,18.5,19.9,113.0,0.4,0.09,0.1,18.9,48.2,72.4,2.82,0.52,0.02,9.3,63.3,1m 6s,6.4,0.01,0.01,1.7,0.9,0.003,0.001,0.7,5.19,0.91,0.62,0.05,2.44,xfl0ud,all,22
