steamid,nick_canonical,nicks_seen,team,country,n_sessions,n_sessions_full,cohort,in_core,in_core_strict,role
76561198113666193,ZywOo,ZywOo,Vitality,FR,27,11,core,True,True,awp
76561197989744167,apEX,apEX,Vitality,FR,27,11,core,True,True,rifler
76561197978835160,flameZ,flameZ,Vitality,IL,27,11,core,True,True,rifler
76561197991272318,ropz,ropz,Vitality,EE,27,11,core,True,True,rifler
76561198013243326,Aleksib,Aleksib,Natus Vincere,FI,25,10,core,True,True,
76561198246607476,b1t,b1t,Natus Vincere,UA,25,10,core,True,True,
76561198050250233,iM,iM,Natus Vincere,RO,25,10,core,True,True,
76561199076189612,makazze,makazze,Natus Vincere,XK,25,10,core,True,True,
76561199063068840,w0nderful,w0nderful,Natus Vincere,UA,25,10,core,True,True,
76561197973140692,mezii,mezii,Vitality,GB,21,9,core,True,True,rifler
76561198176878303,jL,jL,,,6,2,core,True,False,
76561198310561479,PR,PR,MOUZ,CZ,5,1,core,True,False,
76561198971718392,Neityu,Neityu,FaZe,FR,4,0,core,True,False,rifler
76561198034172415,REZ,REZ,GamerLegion,SE,4,1,core,True,False,
76561197982141573,Snax,Snax,GamerLegion,PL,4,1,core,True,False,
76561198316706174,Tauson,Tauson,GamerLegion,DK,4,1,core,True,False,
76561198016255205,Twistzz,Twistzz,FaZe,CA,4,0,core,True,False,rifler
76561198043769572,arT,arT|art,Legacy,BR,4,2,core,True,False,
76561198194325317,dumau,dumau,Legacy,BR,4,2,core,True,False,
76561198068422762,frozen,frozen,FaZe,SK,4,0,core,True,False,rifler
76561198254686734,hypex,hypex,GamerLegion,PL,4,1,core,True,False,
76561198178737429,jcobbb,jcobbb,FaZe,PL,4,0,core,True,False,rifler
76561198850020186,latto,latto,Legacy,BR,4,2,core,True,False,
76561198061763596,n1ssim,n1ssim,Legacy,BR,4,2,core,True,False,
76561198146207066,Boombl4,Boombl4,BETBOOM,RU,3,1,core,True,False,
76561198014259134,FL4MUS,FL4MUS,GamerLegion,RU,3,1,core,True,False,
76561198068002993,HeavyGod,HeavyGod,G2,IL,3,2,core,True,False,
76561199046478501,MATYS,MATYS,G2,SK,3,2,core,True,False,
76561198372023214,Magnojez,Magnojez,BETBOOM,RU,3,1,core,True,False,
76561198053126645,NertZ,NertZ,G2,IL,3,2,core,True,False,
76561198201620490,broky,broky,,,3,0,core,True,False,
76561198386265483,donk,donk,Spirit,RU,3,1,core,True,False,rifler
76561198012872053,huNter,huNter|huNter-,G2,BA,3,2,core,True,False,
76561199063238565,magixx,magixx,Spirit,RU,3,1,core,True,False,rifler
76561198081484775,sh1ro,sh1ro,Spirit,RU,3,1,core,True,False,awp
76561198872013168,tN1R,tN1R,Spirit,BY,3,1,core,True,False,rifler
76561198365118288,try,try,Legacy,AR,3,1,core,True,False,
76561198995880877,zont1x,zont1x,Spirit,UA,3,1,core,True,False,rifler
76561198059614402,zorte,zorte,BETBOOM,RU,3,1,core,True,False,
76561199203563345,910,910,The MongolZ,MN,2,2,impostor,False,False,
76561197960690195,FalleN,FalleN,FURIA,BR,2,2,impostor,False,False,
76561198319723208,HUASOPEEK,HUASOPEEK,9z,CL,2,1,impostor,False,False,
76561198021715100,JT,JT,Liquid,ZA,2,0,impostor,False,False,
76561198058500492,KSCERATO,KSCERATO,FURIA,BR,2,2,impostor,False,False,
76561198991278425,Krabeni,Krabeni,FUT,XK,2,0,impostor,False,False,
76561198041683378,NiKo,NiKo,Falcons,BA,2,2,impostor,False,False,
76561198167785069,S1ren,S1ren,BETBOOM,RU,2,1,impostor,False,False,
76561198063336407,Spinx,Spinx,MOUZ,IL,2,1,impostor,False,False,
76561198309839541,SunPayus,SunPayus,,,2,2,impostor,False,False,
76561197996678278,TeSeS,TeSeS,Falcons,DK,2,2,impostor,False,False,
76561198966340160,Techno4K,Techno4K,,,2,2,impostor,False,False,
76561198134401925,YEKINDAR,YEKINDAR,FURIA,LV,2,2,impostor,False,False,
76561198304115519,alex666,alex666,B8,UA,2,1,impostor,False,False,
76561198959824088,bLitz,bLitz,The MongolZ,MN,2,2,impostor,False,False,
76561199313968259,cmtry,cmtry,FUT,UA,2,0,impostor,False,False,
76561198875633179,dem0n,dem0n,FUT,UA,2,0,impostor,False,False,
76561198216891576,dgt,dgt,9z,UY,2,1,impostor,False,False,
76561199100725838,dziugss,dziugss,FUT,LT,2,0,impostor,False,False,
76561199149812353,esenthial,esenthial,B8,UA,2,1,impostor,False,False,
76561197989430253,karrigan,karrigan,Falcons,DK,2,2,impostor,False,False,
76561198382173659,kensizor,kensizor,B8,UA,2,1,impostor,False,False,
76561199032006224,kyousuke,kyousuke,Falcons,RU,2,2,impostor,False,False,
76561198067722198,luchov,luchov,9z,AR,2,1,impostor,False,False,
76561198074762801,m0NESY,m0NESY,Falcons,RU,2,2,impostor,False,False,
76561198242950384,max,max,9z,UY,2,1,impostor,False,False,
76561198195642865,meyern,meyern,9z,AR,2,1,impostor,False,False,
76561198200982290,molodoy,molodoy,FURIA,KZ,2,2,impostor,False,False,
76561198305036904,npl,npl,B8,UA,2,1,impostor,False,False,
76561199001538362,s1zzi,s1zzi,B8,UA,2,1,impostor,False,False,
76561198100494962,saadzin,saadzin,Imperial,BR,2,1,impostor,False,False,
76561198355739212,torzsi,torzsi,MOUZ,HU,2,1,impostor,False,False,
76561198998266210,xelex,xelex,MOUZ,HU,2,1,impostor,False,False,
76561198193174134,xertioN,xertioN,MOUZ,IL,2,1,impostor,False,False,
76561198164970560,yuurih,yuurih,FURIA,BR,2,2,impostor,False,False,
76561198138828475,Brollan,Brollan,HEROIC,SE,1,1,impostor,False,False,
76561198416388144,C4LLM3SU3,C4LLM3SU3,Lynn Vision,CN,1,0,impostor,False,False,
76561198349326906,DarkMeister,DarkMeister,The MongolZ,MN,1,1,impostor,False,False,
76561198233474320,Dawy,Dawy,Inner Circle,UA,1,1,impostor,False,False,
76561198066693739,EliGE,EliGE,Liquid,US,1,0,impostor,False,False,
76561198816731401,EmiliaQAQ,EmiliaQAQ,Lynn Vision,CN,1,0,impostor,False,False,
76561198344226986,Gizmy,Gizmy,100 Thieves,GB,1,0,impostor,False,False,
76561198179538505,Graviti,Graviti,3DMAX,FR,1,0,impostor,False,False,
76561198016138527,JBOEN,JBOEN,FaZe,DK,1,0,impostor,False,False,awp
76561198184153575,JBa,JBa,M80,US,1,0,impostor,False,False,
76561198178386506,Jorko,Jorko,Liquid,BG,1,0,impostor,False,False,
76561198350606449,Kursy,Kursy,3DMAX,FR,1,0,impostor,False,False,
76561198845436666,Kvem,Kvem,Eternal Fire,UA,1,0,impostor,False,False,
76561198337484196,Lake,Lake,M80,US,1,0,impostor,False,False,
76561198031890115,Lucky,Lucky,3DMAX,FR,1,0,impostor,False,False,
76561197967432889,MAJ3R,MAJ3R,,,1,1,impostor,False,False,
76561198045739761,Maka,Maka,3DMAX,FR,1,0,impostor,False,False,
76561198001151695,NAF-FLY,NAF-FLY,,,1,0,impostor,False,False,
76561197974106188,ScrunK,ScrunK,,,1,0,impostor,False,False,
76561198880299543,Starry,Starry,Lynn Vision,CN,1,0,impostor,False,False,
76561198183003671,Swisher,Swisher,M80,US,1,0,impostor,False,False,
76561198011732823,V$M,V$M,,,1,0,impostor,False,False,
76561198812513923,Wicadia,Wicadia,Aurora,TR,1,1,impostor,False,False,
76561198044118796,XANTARES,XANTARES,Aurora,TR,1,1,impostor,False,False,
76561198015308884,biguzera,biguzera,paiN,BR,1,0,impostor,False,False,
76561199430871803,cobrazera,cobrazera,,,1,1,impostor,False,False,
76561198136488014,cptkurtka023,cptkurtka023,Inner Circle,UA,1,0,impostor,False,False,
76561198859428279,d1Ledez,d1Ledez,BETBOOM,RU,1,0,impostor,False,False,
76561197987713664,dev1ce,dev1ce,,,1,0,impostor,False,False,
76561198102158293,dukefissura,dukefissura,Rune Eaters,KZ,1,0,impostor,False,False,
76561198802031225,frontales,frontales,HOTU,RU,1,0,impostor,False,False,
76561198359519930,headtr1ck,headtr1ck,Inner Circle,UA,1,0,impostor,False,False,
76561198357173694,kAlash,kAlash,BASEMENT BOYS,KZ,1,0,impostor,False,False,
76561198860760060,krazy,krazy,SAW,PT,1,0,impostor,False,False,
76561198972795853,lauNX,lauNX,,,1,0,impostor,False,False,
76561198080703143,malbsMd,malbsMd,Liquid,GT,1,0,impostor,False,False,
76561198081528911,misutaaa,misutaaa,3DMAX,FR,1,0,impostor,False,False,
76561198153097618,mizu,mizu,HOTU,RU,1,0,impostor,False,False,
76561198222442504,n0rb3r7,n0rb3r7,HOTU,RU,1,0,impostor,False,False,
76561198410085211,nicx,nicx,Marsborne,US,1,0,impostor,False,False,
76561198300474132,onic,onic,Inner Circle,UA,1,1,impostor,False,False,
76561198396338183,piriajr,piriajr,,,1,0,impostor,False,False,
76561197995178481,poiii,poiii,100 Thieves,SE,1,0,impostor,False,False,
76561198294381090,r1nkle,r1nkle,G2,UA,1,0,impostor,False,False,
76561197997351207,rain,rain,100 Thieves,NO,1,0,impostor,False,False,
76561198190463461,s1n,s1n,M80,DE,1,0,impostor,False,False,
76561197985565685,saffee,saffee,paiN,BR,1,0,impostor,False,False,
76561198040577200,sdy,sdy,,,1,0,impostor,False,False,
76561198308941038,sirah,sirah,100 Thieves,DK,1,0,impostor,False,False,
76561198064353169,slaxz-,slaxz-,M80,DE,1,0,impostor,False,False,
76561198377335846,snow,snow,paiN,BR,1,0,impostor,False,False,
76561198327068178,soulfly,soulfly,Eternal Fire,TR,1,1,impostor,False,False,
76561199390439015,tikuak,tikuak,The MongolZ,MN,1,1,impostor,False,False,
76561198107240040,westmelon,westmelon,Lynn Vision,CN,1,0,impostor,False,False,
76561198083485506,woxic,woxic,Aurora,TR,1,1,impostor,False,False,
76561198178209109,xfl0ud,xfl0ud,FUT,TR,1,0,impostor,False,False,
76561198137783463,z4KR,z4KR,Lynn Vision,CN,1,0,impostor,False,False,
76561199121088563,zeRRoFIX,zeRRoFIX,Inner Circle,UA,1,0,impostor,False,False,
