demo,player,side,round,stops_per_s,stop_counterstrafe_frac,stop_counter_fwd_frac,stop_crouch_stop_frac,stop_release_frac,stop_ms_mean,stop_speed_before,stop_overshoot_frac,stop_shot_frac,stop_shot_delay_ms,stop_speed_at_shot,traversals_per_s,peeks_per_s,peek_jiggle_frac,peek_narrow_frac,peek_wide_frac,peek_commit_frac,peek_depth_mean,peek_depth_p90,peek_out_ms_mean,peek_return_frac,peek_peak_speed,peek_walk_frac,peek_yaw_swing,peek_shots_mean,peek_shift_frac,peek_lat_ratio,wide_peek_per_s,wide_depth_mean,wide_peak_speed,wide_return_frac
2026-08-21_ewc_vitality-vs-spirit_mirage,ZywOo,CT,12,0.24675324675324675,0.47368421052631576,0.0,0.05263157894736842,0.47368421052631576,147.20394736842104,162.38695405658922,0.8947368421052632,0.05263157894736842,125.0,0.0,0.012987012987012988,0.2077922077922078,0.75,0.1875,0.0625,0.0,55.9483610529665,104.37728669396404,593.75,1.0,146.9235439300537,0.28536687160357377,27.469853401184082,0.0,0.3125,18.428919349660546,0.012987012987012988,296.3316510851671,240.00900268554688,1.0
2026-08-21_ewc_vitality-vs-spirit_mirage,ZywOo,CT,13,0.1293800539083558,0.5555555555555556,0.0,0.0,0.4444444444444444,173.61111111111111,166.20949469672308,0.7777777777777778,0.2222222222222222,125.0,35.30549240112305,0.014375561545372867,0.07187780772686433,0.6,0.0,0.0,0.4,70.0350957055006,164.14123877993748,959.375,0.6,148.8492004394531,0.36249899695073023,35.739767456054686,0.2,0.4,6.954102699332502,0.0,,,
2026-08-21_ewc_vitality-vs-spirit_mirage,ZywOo,CT,14,0.0,,,,,,,,,,,0.036056338028169016,0.036056338028169016,0.0,0.0,0.0,1.0,107.07149508463874,107.07149508463874,1031.25,0.0,119.60748291015625,0.9402985074626866,174.76815795898438,0.0,1.0,1.3947049458724152,0.0,,,
2026-08-21_ewc_vitality-vs-spirit_mirage,ZywOo,CT,15,0.0849933598937583,0.8,0.0,0.0,0.2,240.625,166.69088745117188,0.8,0.2,78.125,0.0,0.05099601593625498,0.13598937583001328,0.625,0.0,0.0,0.375,58.862164360178554,116.81710120920195,1210.9375,0.625,94.1344780921936,0.2850617553742554,22.53036880493164,0.0,0.25,14.884952432929502,0.0,,,
2026-08-21_ewc_vitality-vs-spirit_mirage,ZywOo,T,0,0.2714420358152686,0.1111111111111111,0.0,0.2222222222222222,0.6666666666666666,184.02777777777777,172.85826280381946,0.4444444444444444,0.2222222222222222,289.0625,24.446910858154297,0.030160226201696512,0.030160226201696512,0.0,0.0,0.0,1.0,106.52253084858287,106.52253084858287,1484.375,0.0,177.12010192871094,0.0,7.921142578125,10.0,0.0,1.0213972726436837,0.0,,,
2026-08-21_ewc_vitality-vs-spirit_mirage,ZywOo,T,1,0.04671532846715328,1.0,0.0,0.0,0.0,109.375,162.80130767822266,1.0,0.0,,,0.14014598540145987,0.07007299270072993,0.6666666666666666,0.0,0.0,0.3333333333333333,66.13188310467056,132.36660631387866,666.6666666666666,0.6666666666666666,134.32821400960287,0.7362155388471178,9.240300496419271,0.3333333333333333,0.6666666666666666,23.26352350200472,0.0,,,
2026-08-21_ewc_vitality-vs-spirit_mirage,ZywOo,T,2,0.10847457627118644,0.5,0.0,0.0,0.5,85.9375,157.5817642211914,0.5,0.0,,,0.0,0.05423728813559322,0.0,0.0,0.0,1.0,179.20788999004824,179.20788999004824,1484.375,0.0,215.00506591796875,0.0,36.345947265625,0.0,0.0,1.0523087257299544,0.0,,,
2026-08-21_ewc_vitality-vs-spirit_mirage,ZywOo,T,3,0.23916292974588937,0.25,0.05,0.0,0.7,155.46875,163.24067916870118,0.4,0.25,31.25,18.523895168304442,0.10762331838565023,0.03587443946188341,0.6666666666666666,0.0,0.0,0.3333333333333333,65.02243062287216,118.75465307426397,901.0416666666666,0.6666666666666666,145.56705729166666,0.23030303030303031,28.526697794596355,0.0,0.3333333333333333,15.8685895477547,0.0,,,
2026-08-21_ewc_vitality-vs-spirit_mirage,ZywOo,T,4,0.1604297224709042,0.5714285714285714,0.0,0.0,0.42857142857142855,140.625,160.10061972481864,0.8571428571428571,0.0,,,0.04583706356311549,0.12605192479856758,0.45454545454545453,0.18181818181818182,0.0,0.36363636363636365,61.47050204076865,95.65202908067505,879.2613636363636,0.6363636363636364,134.16500785134056,0.3185000798148296,25.908103249289773,0.09090909090909091,0.36363636363636365,13.748266211381935,0.0,,,
2026-08-21_ewc_vitality-vs-spirit_mirage,ZywOo,T,5,0.2893081761006289,0.5217391304347826,0.0,0.043478260869565216,0.43478260869565216,152.17391304347825,162.31570965310803,0.6956521739130435,0.21739130434782608,37.5,25.029401779174805,0.025157232704402517,0.10062893081761007,0.375,0.125,0.0,0.5,86.45345663038576,152.8008970606179,1056.640625,0.5,163.2868070602417,0.3762629229323308,39.01189422607422,0.125,0.375,8.151385630400224,0.0,,,
2026-08-21_ewc_vitality-vs-spirit_mirage,ZywOo,T,6,0.31107354184277264,0.43478260869565216,0.08695652173913043,0.0,0.4782608695652174,101.90217391304348,165.13672870138416,0.6086956521739131,0.08695652173913043,46.875,14.637499809265137,0.04057480980557904,0.10819949281487742,0.5,0.125,0.0,0.375,75.98405975850878,188.2716343034344,1134.765625,0.625,144.39513111114502,0.4699457577075752,46.03540802001953,0.125,0.5,8.385849256568266,0.0,,,
2026-08-21_ewc_vitality-vs-spirit_mirage,ZywOo,T,7,0.05158516926383665,0.3333333333333333,0.0,0.16666666666666666,0.5,223.95833333333334,172.94505310058594,0.5,0.0,,,0.025792584631918324,0.025792584631918324,0.3333333333333333,0.0,0.0,0.6666666666666666,156.3029741492625,275.4609871362474,1125.0,0.3333333333333333,150.9959462483724,0.0,38.86573791503906,0.3333333333333333,0.0,2.0770164187225286,0.0,,,
2026-08-21_ewc_vitality-vs-spirit_mirage,ZywOo,T,8,0.06388500698742264,0.0,0.0,0.6,0.4,190.625,165.94757995605468,0.2,0.0,,,0.03833100419245358,0.07666200838490717,0.0,0.3333333333333333,0.0,0.6666666666666666,129.6556489046158,212.3767977762838,1265.625,0.3333333333333333,162.20927937825522,0.20138888888888892,58.615665435791016,0.16666666666666666,0.16666666666666666,6.849608245794314,0.0,,,
2026-08-21_ewc_vitality-vs-spirit_mirage,ZywOo,T,9,0.09406444318824195,0.6923076923076923,0.0,0.15384615384615385,0.15384615384615385,254.80769230769232,178.70436096191406,0.7692307692307693,0.0,,,0.05788581119276427,0.12300734878462408,0.47058823529411764,0.17647058823529413,0.0,0.35294117647058826,66.86237668239475,133.35843005817264,1008.2720588235294,0.6470588235294118,110.35392065609203,0.31070596510019094,48.733071719898895,0.0,0.29411764705882354,11.209935064209347,0.0,,,
2026-08-21_ewc_vitality-vs-spirit_mirage,ZywOo,T,10,0.14182301669375091,0.2,0.06666666666666667,0.13333333333333333,0.6,178.125,171.95693359375,0.7333333333333333,0.0,,,0.06618407445708377,0.028364603338750186,0.0,0.0,0.0,1.0,90.91320141748538,117.63300654209247,1484.375,0.0,125.10103352864583,0.006944444444444444,43.11459096272787,0.0,0.0,1.7638429884977607,0.0,,,
2026-08-21_ewc_vitality-vs-spirit_mirage,ZywOo,T,11,0.3031578947368421,0.3333333333333333,0.1111111111111111,0.0,0.5555555555555556,154.51388888888889,175.55490451388889,0.4444444444444444,0.0,,,0.03368421052631579,0.06736842105263158,0.0,0.5,0.0,0.5,162.07020752228806,233.7576068918309,960.9375,0.5,219.6230239868164,0.0,121.41849136352539,0.5,0.0,3.668831527972883,0.0,,,
2026-08-21_ewc_vitality-vs-spirit_mirage,apEX,CT,12,0.2381786339754816,0.47058823529411764,0.17647058823529413,0.0,0.35294117647058826,162.68382352941177,163.55495677274817,0.5882352941176471,0.058823529411764705,46.875,38.43890380859375,0.0840630472854641,0.11208406304728546,0.625,0.0,0.0,0.375,86.37841922984023,216.38543712270848,939.453125,0.625,135.42992210388184,0.5116459061771562,32.16633605957031,0.25,0.5,6.7404164183634885,0.0,,,
2026-08-21_ewc_vitality-vs-spirit_mirage,apEX,CT,13,0.05647889395499338,0.16666666666666666,0.0,0.0,0.8333333333333334,127.60416666666667,167.10453287760416,0.6666666666666666,0.16666666666666666,0.0,28.690353393554688,0.018826297984997794,0.08471834093249007,0.3333333333333333,0.0,0.0,0.6666666666666666,119.27113884983436,256.87304117822765,1071.1805555555557,0.3333333333333333,154.18798997667102,0.5767746913580247,55.802803887261284,0.2222222222222222,0.5555555555555556,13.65297140406901,0.0,,,
2026-08-21_ewc_vitality-vs-spirit_mirage,apEX,CT,14,0.11242863416776461,0.25,0.0,0.5,0.25,171.875,152.63397216796875,0.25,0.25,109.375,20.847505569458008,0.056214317083882304,0.0,,,,,,,,,,,,,,,,,,
2026-08-21_ewc_vitality-vs-spirit_mirage,apEX,CT,15,0.03872919818456883,0.5,0.0,0.0,0.5,128.90625,163.91191482543945,0.75,0.0,,,0.048411497730711045,0.029046898638426626,0.3333333333333333,0.3333333333333333,0.0,0.3333333333333333,120.54528200868741,192.73885421193103,984.375,0.6666666666666666,151.0157241821289,0.4305555555555555,16.766159057617188,0.0,0.3333333333333333,13.600505449011047,0.0,,,
2026-08-21_ewc_vitality-vs-spirit_mirage,apEX,T,0,0.1725067385444744,0.4,0.0,0.0,0.6,171.875,174.25809326171876,0.4,0.6,130.20833333333334,81.81344795227051,0.06900269541778976,0.0,,,,,,,,,,,,,,,,,,
2026-08-21_ewc_vitality-vs-spirit_mirage,apEX,T,1,0.237741456166419,0.4,0.0,0.0,0.6,190.625,156.43438110351562,0.9,0.0,,,0.1426448736998514,0.0713224368499257,0.0,0.3333333333333333,0.0,0.6666666666666666,94.82875834765632,136.37331750808755,1265.625,0.3333333333333333,180.7509307861328,0.33294753086419754,17.312388102213543,0.3333333333333333,0.3333333333333333,6.336184698807913,0.0,,,
2026-08-21_ewc_vitality-vs-spirit_mirage,apEX,T,2,0.08199871877001921,0.75,0.0,0.0,0.25,148.4375,165.4336223602295,0.5,0.5,3.90625,18.790108799934387,0.020499679692504803,0.05124919923126201,0.2,0.0,0.0,0.8,88.68865501889638,140.63754951227386,1040.625,0.2,178.02000732421874,0.18333333333333332,41.230430603027344,1.4,0.2,19.415960938805664,0.0,,,
2026-08-21_ewc_vitality-vs-spirit_mirage,apEX,T,3,0.15474327976105817,0.47058823529411764,0.058823529411764705,0.0,0.47058823529411764,136.02941176470588,160.95373624913833,0.5882352941176471,0.11764705882352941,70.3125,0.0,0.09102545868297539,0.08192291281467785,0.5555555555555556,0.3333333333333333,0.0,0.1111111111111111,49.93457234367554,95.91353154488499,984.375,0.8888888888888888,117.29531945122613,0.5202743511014187,12.624787224663628,0.0,0.5555555555555556,7.678268947179145,0.0,,,
2026-08-21_ewc_vitality-vs-spirit_mirage,apEX,T,4,0.12277642134635508,0.45454545454545453,0.0,0.0,0.5454545454545454,90.9090909090909,172.84268049760297,0.45454545454545453,0.09090909090909091,0.0,29.371150970458984,0.07813044994768051,0.07813044994768051,0.7142857142857143,0.0,0.0,0.2857142857142857,56.684400429977075,155.72383856943628,779.0178571428571,0.7142857142857143,133.7314736502511,0.5477456940222897,21.79633113316127,0.0,0.5714285714285714,21.689846736195143,0.0,,,
2026-08-21_ewc_vitality-vs-spirit_mirage,apEX,T,5,0.1471264367816092,0.3076923076923077,0.07692307692307693,0.0,0.6153846153846154,150.2403846153846,163.25594623272235,0.6153846153846154,0.0,,,0.11317418213969938,0.07922192749778957,0.2857142857142857,0.14285714285714285,0.0,0.5714285714285714,93.53839053188302,197.16108111140798,732.1428571428571,0.42857142857142855,157.85897718157088,0.4975198412698413,28.825768607003347,0.0,0.5714285714285714,17.41518508654328,0.0,,,
2026-08-21_ewc_vitality-vs-spirit_mirage,apEX,T,6,0.046775077653937513,0.5,0.25,0.25,0.0,93.75,168.96841430664062,0.5,0.25,0.0,0.0,0.023387538826968757,0.046775077653937513,0.5,0.0,0.0,0.5,86.87575782428627,142.6182205618322,894.53125,0.5,114.18474769592285,0.882913961038961,62.44147872924805,0.25,1.0,2.5935577237628498,0.0,,,
2026-08-21_ewc_vitality-vs-spirit_mirage,apEX,T,7,0.1031703385276733,0.25,0.0,0.08333333333333333,0.6666666666666666,158.85416666666666,158.02154795328775,0.75,0.25,161.45833333333334,13.466111501057943,0.03439011284255777,0.09457281031703385,0.9090909090909091,0.0,0.0,0.09090909090909091,36.22795364401546,43.15196446686917,849.4318181818181,0.9090909090909091,132.1316341053356,0.337685864859778,10.695942271839488,0.0,0.36363636363636365,36.9351931257861,0.0,,,
2026-08-21_ewc_vitality-vs-spirit_mirage,apEX,T,8,0.13561716404732474,0.08333333333333333,0.0,0.08333333333333333,0.8333333333333334,139.32291666666666,156.68774541219076,0.4166666666666667,0.3333333333333333,58.59375,16.360697865486145,0.05650715168638531,0.04520572134910825,0.75,0.25,0.0,0.0,35.89951635604847,56.957465110063424,972.65625,1.0,123.80013275146484,0.25,18.531015396118164,0.0,0.25,2.6713979191192325,0.0,,,
2026-08-21_ewc_vitality-vs-spirit_mirage,apEX,T,9,0.14471452798191067,0.45,0.0,0.0,0.55,144.53125,164.64883041381836,0.8,0.1,54.6875,39.203256607055664,0.04341435839457321,0.05788581119276427,0.75,0.0,0.0,0.25,54.931378192061715,111.10117140781861,919.921875,0.75,138.20111179351807,0.27546296296296297,26.162826538085938,0.0,0.375,36.20112090259861,0.0,,,
2026-08-21_ewc_vitality-vs-spirit_mirage,apEX,T,10,0.18333333333333332,0.45454545454545453,0.0,0.045454545454545456,0.5,133.52272727272728,167.0370011763139,0.7272727272727273,0.09090909090909091,0.0,22.255440711975098,0.06666666666666667,0.075,0.6666666666666666,0.2222222222222222,0.0,0.1111111111111111,57.26447231281447,131.41086969005593,727.4305555555555,0.8888888888888888,113.99684397379558,0.4138314671260408,30.824237399631077,0.0,0.3333333333333333,15.52376558236923,0.0,,,
2026-08-21_ewc_vitality-vs-spirit_mirage,apEX,T,11,0.03914373088685015,0.5,0.0,0.0,0.5,85.9375,170.1273193359375,0.5,0.5,93.75,0.0,0.03914373088685015,0.03914373088685015,0.0,0.0,0.0,1.0,154.33149084340212,225.24499466283427,1484.375,0.0,173.15948486328125,0.4427083333333333,43.89021301269531,0.0,0.5,2.079328690772016,0.0,,,
2026-08-21_ewc_vitality-vs-spirit_mirage,donk,CT,0,0.7311072056239016,0.6538461538461539,0.0,0.0,0.34615384615384615,107.57211538461539,162.6202369103065,0.8846153846153846,0.15384615384615385,121.09375,35.9246472120285,0.0,0.028119507908611598,0.0,0.0,0.0,1.0,54.58903496817003,54.58903496817003,1062.5,0.0,176.86117553710938,0.0,17.18670654296875,2.0,0.0,26.195478359577923,0.0,,,
2026-08-21_ewc_vitality-vs-spirit_mirage,donk,CT,1,0.9323405632890903,0.4,0.022222222222222223,0.0,0.5777777777777777,101.04166666666667,162.56026034884982,1.0,0.022222222222222223,46.875,39.28493881225586,0.020718679184202008,0.0,,,,,,,,,,,,,,,,,,
2026-08-21_ewc_vitality-vs-spirit_mirage,donk,CT,2,0.5660138976626659,0.42857142857142855,0.14285714285714285,0.0,0.42857142857142855,132.8125,169.3479941231864,0.5714285714285714,0.35714285714285715,25.0,25.0375,0.04042956411876184,0.08085912823752368,0.0,0.0,0.0,1.0,142.0428246154496,177.8019867890076,1054.6875,0.0,224.33290100097656,0.0,13.543556213378906,1.5,0.0,6.239863688048989,0.0,,,
2026-08-21_ewc_vitality-vs-spirit_mirage,donk,CT,3,0.7031611410948342,0.42105263157894735,0.0,0.0,0.5789473684210527,125.27412280701755,162.04623252467104,0.9122807017543859,0.08771929824561403,71.875,27.870607376098633,0.0,0.04934464148033924,0.5,0.0,0.0,0.5,76.05372742346765,131.02836971220793,1015.625,0.5,165.22573280334473,0.20052083333333334,10.367408752441406,0.0,0.25,3.5145859461058624,0.0,,,
2026-08-21_ewc_vitality-vs-spirit_mirage,donk,CT,4,0.25671433554237877,0.34782608695652173,0.08695652173913043,0.0,0.5652173913043478,133.83152173913044,166.8691704791525,0.782608695652174,0.13043478260869565,213.54166666666666,73.75198237101237,0.0,0.011161492849668643,0.0,0.0,0.0,1.0,46.90923421218672,46.90923421218672,781.25,0.0,72.89177703857422,0.0,9.6806640625,0.0,0.0,1.1565896111764324,0.0,,,
2026-08-21_ewc_vitality-vs-spirit_mirage,donk,CT,5,0.30833333333333335,0.5675675675675675,0.13513513513513514,0.0,0.2972972972972973,133.86824324324326,165.15443997769742,0.6486486486486487,0.2702702702702703,68.75,26.98991756439209,0.041666666666666664,0.041666666666666664,0.6,0.4,0.0,0.0,52.28783131272136,106.36208811125141,1081.25,1.0,131.58455505371094,0.2910539215686274,16.477987670898436,0.2,0.4,11.243931921488855,0.0,,,
2026-08-21_ewc_vitality-vs-spirit_mirage,donk,CT,6,0.2540997755912308,0.4782608695652174,0.0,0.043478260869565216,0.4782608695652174,110.7336956521739,173.19937200131625,0.7391304347826086,0.17391304347826086,93.75,73.63076734542847,0.033143448990160536,0.055239081650267564,0.6,0.0,0.0,0.4,81.87234781603372,136.7604530034637,968.75,0.6,160.42165985107422,0.2454365079365079,76.03748321533203,0.2,0.2,2.101902160860002,0.0,,,
2026-08-21_ewc_vitality-vs-spirit_mirage,donk,CT,7,0.10716125708397733,0.3076923076923077,0.15384615384615385,0.0,0.5384615384615384,94.95192307692308,168.91367868276743,0.38461538461538464,0.23076923076923078,0.0,25.476816177368164,0.01648634724368882,0.03297269448737764,0.75,0.0,0.0,0.25,60.04749258580716,121.26447178663201,949.21875,0.75,135.3068447113037,0.2265625,25.038795471191406,0.0,0.25,3.237621159151157,0.0,,,
2026-08-21_ewc_vitality-vs-spirit_mirage,donk,CT,8,0.18223234624145787,0.5333333333333333,0.06666666666666667,0.0,0.4,120.83333333333333,165.16957092285156,0.9333333333333333,0.06666666666666667,109.375,15.307168006896973,0.03644646924829157,0.085041761579347,0.5714285714285714,0.2857142857142857,0.0,0.14285714285714285,44.56072523247672,77.80931599490708,819.1964285714286,0.8571428571428571,129.4876812526158,0.5451260049474336,35.364698137555806,0.0,0.5714285714285714,4.475170430691609,0.0,,,
2026-08-21_ewc_vitality-vs-spirit_mirage,donk,CT,9,0.26346876678002507,0.5652173913043478,0.0,0.0,0.43478260869565216,101.90217391304348,160.67433166503906,0.9565217391304348,0.13043478260869565,0.0,10.655046145121256,0.0,0.06873098263826741,0.6666666666666666,0.0,0.0,0.3333333333333333,69.39185908317754,146.6890400176903,541.6666666666666,0.6666666666666666,175.9476178487142,0.11728395061728396,20.01085154215495,0.16666666666666666,0.16666666666666666,14.432344257734803,0.0,,,
2026-08-21_ewc_vitality-vs-spirit_mirage,donk,CT,10,0.4,0.4782608695652174,0.0,0.021739130434782608,0.5,130.0951086956522,162.329996191937,0.9347826086956522,0.15217391304347827,80.35714285714286,54.56975255693708,0.017391304347826087,0.06956521739130435,0.625,0.125,0.125,0.125,75.46362159230793,197.7658009983941,736.328125,0.875,167.79797649383545,0.05232558139534884,41.19820213317871,0.125,0.0,25.852802798722173,0.008695652173913044,196.66567342226685,224.99288940429688,1.0
2026-08-21_ewc_vitality-vs-spirit_mirage,donk,CT,11,0.20414673046251994,0.3888888888888889,0.05555555555555555,0.16666666666666666,0.3888888888888889,119.79166666666667,164.58814917670355,0.8333333333333334,0.2777777777777778,50.0,27.025797653198243,0.04536594010278221,0.03402445507708666,0.6666666666666666,0.0,0.0,0.3333333333333333,71.5877288370658,115.90203180447378,911.4583333333334,0.6666666666666666,168.53205362955728,0.3006535947712418,26.711326599121094,0.6666666666666666,0.3333333333333333,17.35104212485258,0.0,,,
2026-08-21_ewc_vitality-vs-spirit_mirage,donk,T,12,0.3965681601525262,0.5,0.0,0.0,0.5,148.4375,160.80555490347055,0.8846153846153846,0.0,,,0.015252621544327931,0.030505243088655862,1.0,0.0,0.0,0.0,31.678881570525938,41.02026501739967,531.25,1.0,152.94127655029297,0.28431372549019607,1.8149795532226562,0.0,0.5,18.330065544669537,0.0,,,
2026-08-21_ewc_vitality-vs-spirit_mirage,donk,T,13,0.4800705986174437,0.5098039215686274,0.0,0.0196078431372549,0.47058823529411764,156.86274509803923,158.32580327052696,0.9019607843137255,0.0392156862745098,0.0,32.243757247924805,0.0,0.047065744962494487,0.6,0.0,0.2,0.2,94.9741038486055,226.85209824905283,671.875,0.8,134.3841094970703,0.14736842105263157,46.810064697265624,0.0,0.2,16.415664258936598,0.009413148992498897,193.641227462766,192.44403076171875,1.0
2026-08-21_ewc_vitality-vs-spirit_mirage,donk,T,14,0.42681642681642684,0.5789473684210527,0.05263157894736842,0.0,0.3684210526315789,118.42105263157895,166.2256951583059,0.7368421052631579,0.21052631578947367,50.78125,19.112024664878845,0.044928044928044926,0.022464022464022463,1.0,0.0,0.0,0.0,24.464893320000815,24.464893320000815,656.25,1.0,129.60464477539062,0.0,5.1148223876953125,0.0,0.0,31.509685584347622,0.0,,,
2026-08-21_ewc_vitality-vs-spirit_mirage,donk,T,15,0.21981505944517835,0.23076923076923078,0.23076923076923078,0.0,0.5384615384615384,125.0,165.6978536752554,0.7692307692307693,0.07692307692307693,265.625,0.0,0.01690885072655218,0.05072655217965654,0.0,0.0,0.0,1.0,210.96848239932729,256.3996490943448,1416.6666666666667,0.0,195.1560821533203,0.0,30.951456705729168,0.0,0.0,4.58384281440977,0.0,,,
2026-08-21_ewc_vitality-vs-spirit_mirage,flameZ,CT,12,0.2157941437444543,0.7368421052631579,0.05263157894736842,0.0,0.21052631578947367,154.60526315789474,165.97128617136102,0.7894736842105263,0.21052631578947367,62.5,28.09760856628418,0.2157941437444543,0.022715173025732033,0.5,0.0,0.0,0.5,99.49174283983785,164.56274306102955,1296.875,0.5,136.06441116333008,0.453125,32.108917236328125,0.0,0.5,1.9864686218841365,0.0,,,
2026-08-21_ewc_vitality-vs-spirit_mirage,flameZ,CT,13,0.21512605042016808,0.55,0.0,0.0,0.45,124.21875,159.35406570434571,0.9,0.0,,,0.010756302521008404,0.13983193277310924,0.6153846153846154,0.15384615384615385,0.0,0.23076923076923078,41.72174438733777,71.70858473812912,718.75,0.7692307692307693,135.80571805513821,0.25548237128574414,51.46481792743389,0.07692307692307693,0.3076923076923077,18.896871004106913,0.0,,,
2026-08-21_ewc_vitality-vs-spirit_mirage,flameZ,CT,14,0.1265322261763543,0.6,0.0,0.0,0.4,150.0,176.18845825195314,1.0,0.4,132.8125,18.641178131103516,0.02530644523527086,0.05061289047054172,0.5,0.5,0.0,0.0,55.56082475558481,61.108735146458194,898.4375,1.0,171.94818878173828,0.34946236559139787,111.30867004394531,0.5,0.5,47.49820115707592,0.0,,,
2026-08-21_ewc_vitality-vs-spirit_mirage,flameZ,CT,15,0.23515579071134626,0.64,0.04,0.0,0.32,160.625,177.35448486328124,0.84,0.16,27.34375,36.68943428993225,0.047031158142269255,0.08465608465608465,0.6666666666666666,0.2222222222222222,0.0,0.1111111111111111,54.16998190937696,99.26710898090967,930.5555555555555,0.8888888888888888,149.08314175075955,0.49612366949060493,64.25502268473308,0.0,0.5555555555555556,6.863508652536074,0.0,,,
2026-08-21_ewc_vitality-vs-spirit_mirage,flameZ,T,0,0.03416978109983983,0.0,0.0,0.0,1.0,78.125,164.9840545654297,1.0,1.0,359.375,203.7021484375,0.03416978109983983,0.0,,,,,,,,,,,,,,,,,,
2026-08-21_ewc_vitality-vs-spirit_mirage,flameZ,T,1,0.1155651859877212,0.6,0.0,0.0,0.4,75.0,170.22919006347655,0.6,0.4,23.4375,26.167770385742188,0.04622607439508848,0.09245214879017696,0.5,0.0,0.0,0.5,48.73185397957154,65.96441877589795,1152.34375,0.5,131.66293334960938,0.6332401637341153,43.906436920166016,0.5,0.5,8.700084102247189,0.0,,,
2026-08-21_ewc_vitality-vs-spirit_mirage,flameZ,T,2,0.29589674436524754,0.625,0.0,0.16666666666666666,0.20833333333333334,158.203125,163.36493364969888,0.8333333333333334,0.3333333333333333,42.96875,17.472436010837555,0.04931612406087459,0.061645155076093236,0.6,0.0,0.0,0.4,69.92379836885348,141.50968444361433,571.875,0.6,164.0918395996094,0.25806451612903225,38.82149810791016,0.6,0.2,2.586768181455848,0.0,,,
2026-08-21_ewc_vitality-vs-spirit_mirage,flameZ,T,3,0.22470475582508778,0.7272727272727273,0.0,0.0,0.2727272727272727,167.61363636363637,162.8073966286399,0.9545454545454546,0.2727272727272727,75.52083333333333,31.83767859141032,0.030641557612511968,0.05106926268751995,0.4,0.0,0.0,0.6,120.22979912018552,179.81561209745982,1225.0,0.4,157.39659729003907,0.29166666666666663,50.027886962890626,0.6,0.2,7.2514994021325805,0.0,,,
2026-08-21_ewc_vitality-vs-spirit_mirage,flameZ,T,4,0.34902744955462645,0.7,0.03333333333333333,0.0,0.26666666666666666,137.5,159.70558420817056,0.8,0.0,,,0.058171241592437736,0.2675877113252136,0.8695652173913043,0.08695652173913043,0.0,0.043478260869565216,40.24424141412222,59.05399594402188,528.5326086956521,0.9565217391304348,166.1282720151155,0.2118635540752743,31.26389213230299,0.0,0.17391304347826086,21.974584529870203,0.0,,,
2026-08-21_ewc_vitality-vs-spirit_mirage,flameZ,T,5,0.2541057570835589,0.6818181818181818,0.0,0.045454545454545456,0.2727272727272727,148.4375,161.98645713112572,0.8181818181818182,0.09090909090909091,78.125,70.32021236419678,0.02310052337123263,0.05775130842808157,0.4,0.0,0.0,0.6,88.75425034107495,136.85283974769465,971.875,0.4,169.04340515136718,0.22291666666666665,22.558770751953126,0.2,0.0,4.017067789455937,0.0,,,
2026-08-21_ewc_vitality-vs-spirit_mirage,flameZ,T,6,0.36895202800082355,0.6071428571428571,0.0,0.0,0.39285714285714285,146.76339285714286,164.63311876569475,0.9642857142857143,0.10714285714285714,36.458333333333336,39.0482234954834,0.013176858142886555,0.118591723285979,0.6666666666666666,0.1111111111111111,0.0,0.2222222222222222,84.08223387612986,190.56277623477413,717.0138888888889,0.7777777777777778,180.27542961968317,0.08101851851851852,30.668030632866753,0.1111111111111111,0.1111111111111111,37.05627161277417,0.0,,,
2026-08-21_ewc_vitality-vs-spirit_mirage,flameZ,T,7,0.44707146695325095,0.6153846153846154,0.0,0.0,0.38461538461538464,109.375,161.38559957650992,0.9230769230769231,0.11538461538461539,145.83333333333334,44.12235470612844,0.008597528210639442,0.17195056421278881,0.75,0.15,0.0,0.1,48.346522628772405,67.16521081915047,556.25,0.9,164.30969200134277,0.1086295808646039,11.464007949829101,0.25,0.1,19.487697511735764,0.0,,,
2026-08-21_ewc_vitality-vs-spirit_mirage,flameZ,T,8,0.35611356826936796,0.7948717948717948,0.0,0.0,0.20512820512820512,159.05448717948718,162.549314841246,0.8974358974358975,0.23076923076923078,60.763888888888886,37.125730726453995,0.10044228848623199,0.07304893708089599,0.5,0.125,0.0,0.375,52.9203465770081,84.81455671513642,687.5,0.625,160.2056427001953,0.13092948717948716,21.144471168518066,0.25,0.125,8.322259515763587,0.0,,,
2026-08-21_ewc_vitality-vs-spirit_mirage,flameZ,T,9,0.3039005087620124,0.7380952380952381,0.047619047619047616,0.023809523809523808,0.19047619047619047,146.20535714285714,162.0594268072219,0.9761904761904762,0.07142857142857142,15.625,18.000708262125652,0.07235726399095534,0.08682871678914642,0.5,0.25,0.0,0.25,88.73898264541045,149.80503316160588,1022.1354166666666,0.75,150.53612581888834,0.09082233436853003,55.49508730570475,0.25,0.08333333333333333,13.574296847002218,0.0,,,
2026-08-21_ewc_vitality-vs-spirit_mirage,flameZ,T,10,0.2831858407079646,0.5925925925925926,0.037037037037037035,0.1111111111111111,0.25925925925925924,123.8425925925926,166.0083262125651,0.8148148148148148,0.2222222222222222,80.72916666666667,14.604825109243393,0.010488364470665356,0.10488364470665355,0.4,0.1,0.1,0.4,105.32664146437244,239.64140126614714,957.8125,0.6,171.47708129882812,0.21781079234972678,39.63925018310547,0.5,0.3,16.831014471522728,0.010488364470665356,251.41492242629153,207.6941375732422,1.0
2026-08-21_ewc_vitality-vs-spirit_mirage,flameZ,T,11,0.4048661800486618,0.8461538461538461,0.0,0.0,0.15384615384615385,140.625,161.6888439471905,0.9230769230769231,0.38461538461538464,31.25,34.34553127288818,0.0,0.09343065693430656,0.3333333333333333,0.0,0.0,0.6666666666666666,85.58150401881211,106.8207590691775,1067.7083333333333,0.3333333333333333,202.71295674641928,0.11627906976744186,22.06580098470052,1.3333333333333333,0.0,8.84062625403097,0.0,,,
2026-08-21_ewc_vitality-vs-spirit_mirage,magixx,CT,0,0.421792618629174,0.6,0.06666666666666667,0.0,0.3333333333333333,129.16666666666666,170.13933512369792,0.8666666666666667,0.4,125.0,67.05501619974773,0.056239015817223195,0.0843585237258348,0.6666666666666666,0.0,0.0,0.3333333333333333,37.911565295447964,65.49025719767569,1020.8333333333334,0.6666666666666666,123.09171295166016,0.416582406471183,92.67506917317708,2.3333333333333335,0.3333333333333333,1.3429877386635347,0.0,,,
2026-08-21_ewc_vitality-vs-spirit_mirage,magixx,CT,1,0.2900615085788281,0.42857142857142855,0.14285714285714285,0.0,0.42857142857142855,84.82142857142857,167.94022914341517,0.7857142857142857,0.2857142857142857,7.8125,22.11693835258484,0.0,0.0,,,,,,,,,,,,,,,,,,
2026-08-21_ewc_vitality-vs-spirit_mirage,magixx,CT,2,0.339737108190091,0.2857142857142857,0.23809523809523808,0.0,0.47619047619047616,98.21428571428571,176.9017631894066,0.5714285714285714,0.19047619047619047,0.0,24.681442737579346,0.016177957532861477,0.032355915065722954,0.0,0.0,0.5,0.5,294.1598971809883,294.5273316560073,1484.375,0.5,239.70657348632812,0.0,18.677947998046875,1.0,0.0,5.897029260777841,0.016177957532861477,294.61919027476205,229.40609741210938,1.0
2026-08-21_ewc_vitality-vs-spirit_mirage,magixx,CT,3,0.23168259484506226,0.48,0.0,0.08,0.44,88.125,172.86297302246095,0.72,0.08,62.5,64.2140884399414,0.046336518969012454,0.03706921517520996,0.25,0.5,0.25,0.0,111.28851367279417,192.85116577038028,1000.0,1.0,164.64512634277344,0.26311063218390807,15.773963928222656,0.0,0.25,9.427588928957409,0.00926730379380249,235.62526884823325,230.18331909179688,1.0
2026-08-21_ewc_vitality-vs-spirit_mirage,magixx,CT,4,0.04464597139867457,0.25,0.75,0.0,0.0,125.0,161.97240829467773,0.25,0.75,10.416666666666666,14.387640515963236,0.06696895709801186,0.03348447854900593,0.6666666666666666,0.0,0.0,0.3333333333333333,78.43643487483916,147.36876192715255,744.7916666666666,0.6666666666666666,107.16918690999348,0.6597222222222222,39.13810729980469,0.3333333333333333,0.6666666666666666,3.1573639496430483,0.0,,,
2026-08-21_ewc_vitality-vs-spirit_mirage,magixx,CT,5,0.4187111547268564,0.675,0.025,0.0,0.3,133.203125,161.75123405456543,0.9,0.15,91.14583333333333,27.74803892771403,0.03140333660451423,0.06280667320902845,0.6666666666666666,0.0,0.0,0.3333333333333333,47.72545066539124,94.29647261725275,973.9583333333334,0.6666666666666666,150.9462127685547,0.2045656028368794,22.45077641805013,0.0,0.16666666666666666,9.286599106017224,0.0,,,
2026-08-21_ewc_vitality-vs-spirit_mirage,magixx,CT,6,0.17540654120226568,0.2,0.13333333333333333,0.0,0.6666666666666666,95.83333333333333,165.67972615559896,0.6,0.26666666666666666,19.53125,23.131960153579712,0.046775077653937513,0.046775077653937513,0.25,0.0,0.0,0.75,148.28771054244226,250.11678442195085,1152.34375,0.25,173.44341850280762,0.13802083333333334,80.34635734558105,0.5,0.25,3.0595711150311624,0.0,,,
2026-08-21_ewc_vitality-vs-spirit_mirage,magixx,CT,7,0.09137262900265143,0.2857142857142857,0.0,0.14285714285714285,0.5714285714285714,142.85714285714286,156.87562997000558,0.42857142857142855,0.0,,,0.01305323271466449,0.11747909443198042,0.5555555555555556,0.1111111111111111,0.0,0.3333333333333333,66.27817441494564,161.98404848238397,1034.7222222222222,0.6666666666666666,135.9974161783854,0.3213086579257983,36.56760999891493,0.2222222222222222,0.3333333333333333,3.821831432606468,0.0,,,
2026-08-21_ewc_vitality-vs-spirit_mirage,magixx,CT,8,0.4031798410079496,0.5714285714285714,0.047619047619047616,0.0,0.38095238095238093,126.48809523809524,164.7041248139881,0.7857142857142857,0.16666666666666666,127.23214285714286,43.96705423082624,0.0383980800959952,0.0287985600719964,0.6666666666666666,0.0,0.0,0.3333333333333333,71.82046629973259,147.09787157367833,953.125,0.6666666666666666,146.37750498453775,0.3333333333333333,33.759167989095054,0.0,0.3333333333333333,3.3561837093934215,0.0,,,
2026-08-21_ewc_vitality-vs-spirit_mirage,magixx,CT,9,0.08682871678914642,0.5833333333333334,0.08333333333333333,0.0,0.3333333333333333,106.77083333333333,167.368039449056,0.4166666666666667,0.3333333333333333,7.8125,24.78450345993042,0.04341435839457321,0.021707179197286604,0.0,0.0,0.0,1.0,140.1676863270109,241.65434432914077,1286.4583333333333,0.0,166.07534790039062,0.6435584291187739,28.941078186035156,1.0,0.6666666666666666,7.468255274670221,0.0,,,
2026-08-21_ewc_vitality-vs-spirit_mirage,magixx,CT,10,0.1,0.4166666666666667,0.25,0.0,0.3333333333333333,138.02083333333334,173.3066546122233,0.6666666666666666,0.25,52.083333333333336,21.592875162760418,0.025,0.041666666666666664,0.2,0.0,0.0,0.8,139.07107362730818,203.328536644172,993.75,0.2,176.99558181762694,0.4375,53.156524658203125,1.0,0.4,3.6730946971431067,0.0,,,
2026-08-21_ewc_vitality-vs-spirit_mirage,magixx,CT,11,0.1928052454368244,0.5294117647058824,0.058823529411764705,0.058823529411764705,0.35294117647058826,92.83088235294117,167.49045338350183,0.8235294117647058,0.11764705882352941,23.4375,6.426791667938232,0.05670742512847776,0.03402445507708666,0.6666666666666666,0.0,0.0,0.3333333333333333,69.83205006178193,110.27448127418491,750.0,0.6666666666666666,167.07769775390625,0.3759722222222222,29.37000274658203,0.3333333333333333,0.3333333333333333,24.23895828871316,0.0,,,
2026-08-21_ewc_vitality-vs-spirit_mirage,magixx,T,12,0.4435204435204435,0.8,0.04,0.0,0.16,123.4375,162.56790252685548,0.76,0.18,65.97222222222223,43.31599489847819,0.01774081774081774,0.06209286209286209,0.7142857142857143,0.2857142857142857,0.0,0.0,44.342157790324265,71.2449283517644,912.9464285714286,1.0,159.11660657610213,0.044642857142857144,9.174366542271205,0.2857142857142857,0.0,3.067223775894889,0.0,,,
2026-08-21_ewc_vitality-vs-spirit_mirage,magixx,T,13,0.3775811209439528,0.5714285714285714,0.047619047619047616,0.0,0.38095238095238093,130.95238095238096,159.7633805047898,0.7857142857142857,0.21428571428571427,36.458333333333336,34.65015782250298,0.08091024020227561,0.0539401601348504,0.3333333333333333,0.5,0.0,0.16666666666666666,83.20861226069248,142.45379752583455,960.9375,0.8333333333333334,158.50739924112955,0.37839390142021717,22.445531209309895,0.5,0.3333333333333333,8.082842573453307,0.0,,,
2026-08-21_ewc_vitality-vs-spirit_mirage,magixx,T,14,0.3626062322946176,0.5,0.16666666666666666,0.08333333333333333,0.25,153.64583333333334,155.66361363728842,0.5,0.16666666666666666,0.0,21.155238151550293,0.06043437204910293,0.030217186024551465,0.0,0.0,0.0,1.0,101.84969813421104,101.84969813421104,1484.375,0.0,200.36598205566406,0.0,113.38818359375,2.0,0.0,2.397163012065292,0.0,,,
2026-08-21_ewc_vitality-vs-spirit_mirage,magixx,T,15,0.3688135593220339,0.38235294117647056,0.14705882352941177,0.0,0.47058823529411764,130.05514705882354,161.67243194580078,0.6764705882352942,0.20588235294117646,140.625,39.60244042532785,0.05423728813559322,0.0759322033898305,0.2857142857142857,0.0,0.0,0.7142857142857143,100.81412607902197,183.71455652478284,953.125,0.2857142857142857,153.2063228062221,0.15166505791505788,45.73097664969308,0.8571428571428571,0.14285714285714285,6.520098818378969,0.0,,,
2026-08-21_ewc_vitality-vs-spirit_mirage,mezii,CT,12,0.33707553707553706,0.8947368421052632,0.0,0.02631578947368421,0.07894736842105263,189.14473684210526,162.15783129240336,0.9473684210526315,0.18421052631578946,136.16071428571428,51.501144068581716,0.04435204435204435,0.026611226611226613,0.6666666666666666,0.3333333333333333,0.0,0.0,47.77956255183829,64.72030537307434,619.7916666666666,1.0,185.24661763509116,0.10909090909090909,7.4264170328776045,0.0,0.0,6.357351930754981,0.0,,,
2026-08-21_ewc_vitality-vs-spirit_mirage,mezii,CT,13,0.16494845360824742,0.6666666666666666,0.0,0.1111111111111111,0.2222222222222222,97.22222222222223,169.45673116048178,0.8888888888888888,0.1111111111111111,78.125,62.848793029785156,0.03665521191294387,0.054982817869415807,0.0,0.0,0.0,1.0,198.69575142830126,253.47691794928616,1484.375,0.0,225.77870178222656,0.0,16.4554443359375,0.3333333333333333,0.0,2.0148971495195354,0.0,,,
2026-08-21_ewc_vitality-vs-spirit_mirage,mezii,CT,14,0.034858387799564274,1.0,0.0,0.0,0.0,187.5,183.0692138671875,1.0,1.0,125.0,85.39624786376953,0.10457516339869281,0.0,,,,,,,,,,,,,,,,,,
2026-08-21_ewc_vitality-vs-spirit_mirage,mezii,CT,15,0.3635216156516251,0.8055555555555556,0.1111111111111111,0.0,0.08333333333333333,132.8125,160.61604478624133,0.8055555555555556,0.08333333333333333,130.20833333333334,38.90967877705892,0.020195645313979174,0.010097822656989587,0.0,1.0,0.0,0.0,119.36986605335807,119.36986605335807,750.0,1.0,212.72329711914062,0.0,3.803680419921875,0.0,0.0,4.325064452241446,0.0,,,
2026-08-21_ewc_vitality-vs-spirit_mirage,mezii,T,0,0.140597539543058,0.4,0.0,0.0,0.6,121.875,162.58237915039064,0.6,0.6,156.25,33.03810691833496,0.056239015817223195,0.056239015817223195,0.5,0.0,0.0,0.5,74.31889307241715,113.64007198323904,718.75,0.5,189.68453216552734,0.012987012987012988,29.69896697998047,2.0,0.0,1.9655064569705174,0.0,,,
2026-08-21_ewc_vitality-vs-spirit_mirage,mezii,T,1,0.05306799336650083,1.0,0.0,0.0,0.0,85.9375,159.00611114501953,0.5,0.0,,,0.0,0.026533996683250415,0.0,0.0,0.0,1.0,129.30900279540086,129.30900279540086,1484.375,0.0,162.6118927001953,0.25,7.064208984375,0.0,0.0,1.2010356912643605,0.0,,,
2026-08-21_ewc_vitality-vs-spirit_mirage,mezii,T,2,0.12030075187969924,1.0,0.0,0.0,0.0,137.5,156.18275451660156,0.8,0.4,93.75,34.911834716796875,0.0481203007518797,0.02406015037593985,0.0,0.0,0.0,1.0,144.1948291672084,144.1948291672084,1484.375,0.0,111.80785369873047,0.9270833333333334,82.72119903564453,1.0,1.0,3.0692388985149037,0.0,,,
2026-08-21_ewc_vitality-vs-spirit_mirage,mezii,T,3,0.22912788199914078,0.72,0.04,0.04,0.2,131.25,164.3609454345703,0.76,0.08,0.0,24.710098266601562,0.03666046111986252,0.01833023055993126,0.5,0.0,0.0,0.5,40.515395470197646,70.28704025780132,859.375,0.5,117.68488693237305,0.0,4.869861602783203,2.0,0.0,6.9501175450258685,0.0,,,
2026-08-21_ewc_vitality-vs-spirit_mirage,mezii,T,4,0.14980194454447246,0.5384615384615384,0.15384615384615385,0.0,0.3076923076923077,195.91346153846155,164.7141606257512,0.7692307692307693,0.15384615384615385,117.1875,35.379472732543945,0.11523226503420958,0.03456967951026287,0.3333333333333333,0.0,0.0,0.6666666666666666,75.12336842302257,118.74256157575061,1119.7916666666667,0.3333333333333333,155.50559997558594,0.0,32.99401601155599,0.6666666666666666,0.0,5.884843422216064,0.0,,,
2026-08-21_ewc_vitality-vs-spirit_mirage,mezii,T,5,0.25684871750130867,0.8260869565217391,0.043478260869565216,0.0,0.13043478260869565,153.5326086956522,163.41442473038384,0.8695652173913043,0.34782608695652173,109.375,17.92257034778595,0.04466934217414064,0.055836677717675795,0.8,0.2,0.0,0.0,61.76196366908115,110.87348852920968,856.25,1.0,172.1297119140625,0.13541666666666669,13.475968933105468,0.4,0.2,10.380805468285699,0.0,,,
2026-08-21_ewc_vitality-vs-spirit_mirage,mezii,T,6,0.1512108682811577,1.0,0.0,0.0,0.0,166.015625,159.8283920288086,1.0,0.125,0.0,18.894195556640625,0.09450679267572357,0.07560543414057885,1.0,0.0,0.0,0.0,27.726618798798814,38.23926710668862,730.46875,1.0,119.9233341217041,0.5797872340425532,8.025428771972656,0.0,0.5,7.708470201390365,0.0,,,
2026-08-21_ewc_vitality-vs-spirit_mirage,mezii,T,7,0.23213326168726492,0.7407407407407407,0.07407407407407407,0.037037037037037035,0.14814814814814814,136.57407407407408,163.23371378580728,0.8148148148148148,0.037037037037037035,0.0,13.699260711669922,0.042987641053197204,0.05158516926383665,0.5,0.0,0.0,0.5,42.237856007066036,71.84266745264728,898.4375,0.5,139.50329399108887,0.04763361893104855,4.535179138183594,0.0,0.0,15.510770851728083,0.0,,,
2026-08-21_ewc_vitality-vs-spirit_mirage,mezii,T,8,0.1665089877010407,0.9090909090909091,0.0,0.0,0.09090909090909091,156.25,170.0469304865057,0.8181818181818182,0.18181818181818182,23.4375,29.10957908630371,0.015137180700094607,0.06054872280037843,0.5,0.25,0.0,0.25,80.7830088284536,130.8918598846113,1046.875,0.75,181.53253936767578,0.15985576923076922,12.247276306152344,0.5,0.25,11.491801899362653,0.0,,,
2026-08-21_ewc_vitality-vs-spirit_mirage,mezii,T,9,0.31837196156020353,0.7727272727272727,0.11363636363636363,0.0,0.11363636363636363,148.4375,161.59293920343572,0.8181818181818182,0.13636363636363635,169.27083333333334,36.85510794321696,0.05065008479366874,0.07235726399095534,0.4,0.2,0.0,0.4,99.97536977165107,200.74276767314598,1048.4375,0.6,172.08111953735352,0.16717924821373095,57.01066360473633,0.3,0.2,11.213439460135984,0.0,,,
2026-08-21_ewc_vitality-vs-spirit_mirage,mezii,T,10,0.2799125273352078,0.9285714285714286,0.0,0.03571428571428571,0.03571428571428571,179.12946428571428,157.1161597115653,0.8928571428571429,0.0,,,0.05998125585754452,0.07997500781005935,0.75,0.125,0.0,0.125,54.590833465497866,108.7298926219938,748.046875,0.875,152.31439018249512,0.2999526515151515,49.68438148498535,0.0,0.25,21.36900054889806,0.0,,,
2026-08-21_ewc_vitality-vs-spirit_mirage,mezii,T,11,0.15630283674619574,0.6923076923076923,0.07692307692307693,0.0,0.23076923076923078,162.2596153846154,163.7537125807542,0.7692307692307693,0.15384615384615385,0.0,31.210269927978516,0.06011647567161375,0.0240465902686455,0.0,0.0,0.0,1.0,101.7213664496653,114.68995974769042,1031.25,0.0,171.76581573486328,0.08854166666666667,9.718772888183594,0.0,0.0,5.48443357748077,0.0,,,
2026-08-21_ewc_vitality-vs-spirit_mirage,ropz,CT,12,0.0,,,,,,,,,,,0.050117462803445575,0.0,,,,,,,,,,,,,,,,,,
2026-08-21_ewc_vitality-vs-spirit_mirage,ropz,CT,13,0.2137489563039243,0.75,0.08333333333333333,0.0,0.16666666666666666,182.29166666666666,164.43591435750326,0.25,0.08333333333333333,156.25,0.0,0.03562482605065405,0.017812413025327024,0.0,0.0,0.0,1.0,101.78448365504913,101.78448365504913,1328.125,0.0,141.62681579589844,0.5116279069767442,179.12384033203125,0.0,1.0,1.0550061471730094,0.0,,,
2026-08-21_ewc_vitality-vs-spirit_mirage,ropz,CT,14,0.0,,,,,,,,,,,0.0,0.11608222490931076,0.6666666666666666,0.0,0.0,0.3333333333333333,39.279252017198075,78.0206409032472,937.5,0.6666666666666666,145.64192708333334,0.23099415204678364,15.576319376627604,0.0,0.0,16.080627272205486,0.0,,,
2026-08-21_ewc_vitality-vs-spirit_mirage,ropz,CT,15,0.17715148465022648,0.7272727272727273,0.0,0.0,0.2727272727272727,210.22727272727272,162.40269470214844,0.8181818181818182,0.09090909090909091,0.0,19.671316146850586,0.06441872169099144,0.09662808253648716,0.6666666666666666,0.0,0.0,0.3333333333333333,62.659645421492485,113.42291561010973,992.1875,0.6666666666666666,155.80458196004233,0.2611714975845411,13.466832478841146,0.16666666666666666,0.3333333333333333,14.187804469220913,0.0,,,
2026-08-21_ewc_vitality-vs-spirit_mirage,ropz,T,0,0.06719160104986877,0.5,0.0,0.5,0.0,125.0,173.54944610595703,1.0,0.0,,,0.06719160104986877,0.0,,,,,,,,,,,,,,,,,,
2026-08-21_ewc_vitality-vs-spirit_mirage,ropz,T,1,0.20899854862119013,0.5555555555555556,0.0,0.0,0.4444444444444444,170.13888888888889,158.55216640896268,0.7777777777777778,0.1111111111111111,31.25,16.60604476928711,0.04644412191582003,0.25544267053701014,0.8181818181818182,0.09090909090909091,0.0,0.09090909090909091,41.20628072300901,60.47444802030464,772.7272727272727,0.9090909090909091,120.66121604225852,0.6959821739717263,43.47474254261363,0.0,0.7272727272727273,7.310760793292411,0.0,,,
2026-08-21_ewc_vitality-vs-spirit_mirage,ropz,T,2,0.449438202247191,0.7714285714285715,0.0,0.0,0.22857142857142856,146.875,160.6653769356864,0.8857142857142857,0.2,22.321428571428573,33.54101371765137,0.038523274478330656,0.07704654895666131,0.5,0.3333333333333333,0.0,0.16666666666666666,48.471890370842225,81.68786505380898,723.9583333333334,0.8333333333333334,161.83572896321616,0.09895833333333333,26.388539632161457,0.16666666666666666,0.16666666666666666,4.280449095534546,0.0,,,
2026-08-21_ewc_vitality-vs-spirit_mirage,ropz,T,3,0.18548036516446892,0.75,0.05,0.05,0.15,157.8125,163.49141464233398,0.85,0.25,134.375,17.42761650085449,0.04637009129111723,0.14838429213157514,0.9375,0.0,0.0,0.0625,32.71699435700262,54.53305566827953,655.2734375,0.9375,130.02340269088745,0.20055443548387095,19.579593658447266,0.125,0.1875,18.905004620989118,0.0,,,
2026-08-21_ewc_vitality-vs-spirit_mirage,ropz,T,4,0.0797153024911032,0.5714285714285714,0.0,0.0,0.42857142857142855,129.46428571428572,166.15037100655692,0.7142857142857143,0.14285714285714285,15.625,0.0,0.06832740213523132,0.03416370106761566,1.0,0.0,0.0,0.0,37.89264390503913,47.476358757319574,468.75,1.0,154.3611806233724,0.0,4.024091084798177,0.0,0.0,2.6836880188999963,0.0,,,
2026-08-21_ewc_vitality-vs-spirit_mirage,ropz,T,5,0.11304347826086956,0.6923076923076923,0.07692307692307693,0.0,0.23076923076923078,155.04807692307693,157.21802814190204,0.9230769230769231,0.0,,,0.06086956521739131,0.09565217391304348,0.7272727272727273,0.0,0.0,0.2727272727272727,53.90851467954976,111.91662913326864,1015.625,0.7272727272727273,134.71423547918147,0.1780047376606755,50.31429221413352,0.0,0.0,2.057618765204378,0.0,,,
2026-08-21_ewc_vitality-vs-spirit_mirage,ropz,T,6,0.0,,,,,,,,,,,0.015333013895543843,0.030666027791087687,0.5,0.0,0.0,0.5,107.76198476039845,163.8248275772573,1000.0,0.5,147.96246719360352,0.22824754901960784,22.624801635742188,0.0,0.0,1.7349919223317292,0.0,,,
2026-08-21_ewc_vitality-vs-spirit_mirage,ropz,T,7,0.12896292315959162,0.8666666666666667,0.06666666666666667,0.0,0.06666666666666667,166.66666666666666,165.42000630696614,0.6666666666666666,0.13333333333333333,15.625,13.101875305175781,0.042987641053197204,0.05158516926383665,0.3333333333333333,0.16666666666666666,0.0,0.5,104.04622392057173,214.6679445090585,1054.6875,0.5,155.46461486816406,0.07291666666666667,79.52225112915039,0.16666666666666666,0.0,4.572409815852854,0.0,,,
2026-08-21_ewc_vitality-vs-spirit_mirage,ropz,T,8,0.29061081001904204,0.7096774193548387,0.03225806451612903,0.0,0.25806451612903225,133.06451612903226,165.08772573163432,0.7096774193548387,0.25806451612903225,29.296875,24.873500406742096,0.028123626776036328,0.07499633806943021,0.75,0.0,0.0,0.25,61.191943875745814,143.60393079766476,955.078125,0.75,150.32503604888916,0.18160232843137256,43.40328598022461,0.0,0.25,17.685352853329892,0.0,,,
2026-08-21_ewc_vitality-vs-spirit_mirage,ropz,T,9,0.1664217071791973,0.5217391304347826,0.0,0.08695652173913043,0.391304347826087,152.85326086956522,164.34627168074897,0.9130434782608695,0.21739130434782608,34.375,33.26943955421448,0.014471452798191068,0.10130016958733748,0.5714285714285714,0.2857142857142857,0.0,0.14285714285714285,51.50069475544904,83.34169883170988,1178.5714285714287,0.8571428571428571,124.1866705758231,0.13755305759931405,18.83318110874721,0.07142857142857142,0.07142857142857142,7.952238020093509,0.0,,,
2026-08-21_ewc_vitality-vs-spirit_mirage,ropz,T,10,0.21681552202032645,0.5454545454545454,0.09090909090909091,0.0,0.36363636363636365,154.82954545454547,161.88259402188388,0.7727272727272727,0.0,,,0.05913150600554358,0.08869725900831536,0.5555555555555556,0.0,0.0,0.4444444444444444,70.04499377090161,154.40311735531986,1045.138888888889,0.5555555555555556,134.78894805908203,0.22569444444444445,22.00103759765625,0.1111111111111111,0.2222222222222222,15.234523367339468,0.0,,,
2026-08-21_ewc_vitality-vs-spirit_mirage,ropz,T,11,0.0,,,,,,,,,,,0.0893854748603352,0.0595903165735568,0.0,0.0,0.0,1.0,55.83547193876855,62.427376103088,1171.875,0.0,133.29984283447266,0.48065476190476186,14.330131530761719,0.0,0.5,2.625772642844803,0.0,,,
2026-08-21_ewc_vitality-vs-spirit_mirage,sh1ro,CT,0,0.0,,,,,,,,,,,0.0,0.028119507908611598,0.0,0.0,0.0,1.0,205.58241358017733,205.58241358017733,1484.375,0.0,213.9432830810547,0.5625,161.76199340820312,1.0,1.0,1.0670859775776738,0.0,,,
2026-08-21_ewc_vitality-vs-spirit_mirage,sh1ro,CT,1,0.22790547102622208,0.6363636363636364,0.09090909090909091,0.0,0.2727272727272727,122.1590909090909,177.228007923473,0.8181818181818182,0.09090909090909091,187.5,0.0,0.020718679184202008,0.041437358368404016,0.5,0.0,0.0,0.5,94.15697117922448,154.43750362298388,1367.1875,0.5,145.5583381652832,0.3385416666666667,79.40367889404297,0.0,0.5,17.85356958183135,0.0,,,
2026-08-21_ewc_vitality-vs-spirit_mirage,sh1ro,CT,2,0.2978723404255319,0.35714285714285715,0.21428571428571427,0.0,0.42857142857142855,116.07142857142857,192.7624053955078,0.5,0.42857142857142855,0.0,25.917874495188396,0.02127659574468085,0.06382978723404255,0.3333333333333333,0.3333333333333333,0.0,0.3333333333333333,160.93267738264223,269.0655536989176,947.9166666666666,0.6666666666666666,207.47331746419272,0.0,24.992640177408855,0.3333333333333333,0.0,7.509782669321262,0.0,,,
2026-08-21_ewc_vitality-vs-spirit_mirage,sh1ro,CT,3,0.15451080050825922,0.47368421052631576,0.0,0.0,0.5263157894736842,148.02631578947367,167.66900393837378,0.5789473684210527,0.10526315789473684,39.0625,15.42871379852295,0.07318932655654384,0.08132147395171538,0.8,0.0,0.0,0.2,47.09713229432131,79.97565327633498,703.125,0.8,142.47417449951172,0.0379746835443038,17.122882080078124,0.1,0.0,21.84209990003997,0.0,,,
2026-08-21_ewc_vitality-vs-spirit_mirage,sh1ro,CT,4,0.10571522960026429,0.5,0.3,0.1,0.1,203.125,174.99786529541015,0.5,0.1,0.0,31.00371742248535,0.010571522960026428,0.052857614800132145,0.6,0.0,0.0,0.4,69.13378567888674,121.08815259480829,1050.0,0.6,137.112255859375,0.1,22.23419189453125,0.2,0.0,2.389577580057865,0.0,,,
2026-08-21_ewc_vitality-vs-spirit_mirage,sh1ro,CT,5,0.075,0.1111111111111111,0.0,0.1111111111111111,0.7777777777777778,76.38888888888889,199.12135654025607,0.2222222222222222,0.2222222222222222,0.0,20.650627613067627,0.06666666666666667,0.016666666666666666,1.0,0.0,0.0,0.0,25.71546488275807,41.95306566244373,1164.0625,1.0,73.41632080078125,0.46153846153846156,6.880363464355469,0.0,0.5,5.018213840114263,0.0,,,
2026-08-21_ewc_vitality-vs-spirit_mirage,sh1ro,CT,6,0.1128747795414462,0.875,0.0,0.0,0.125,132.8125,169.00970649719238,0.875,0.0,,,0.02821869488536155,0.0564373897707231,0.5,0.25,0.0,0.25,85.39531607277027,162.04856061763212,980.46875,0.75,155.29016017913818,0.0,46.577144622802734,0.0,0.0,6.956398334094614,0.0,,,
2026-08-21_ewc_vitality-vs-spirit_mirage,sh1ro,CT,7,0.11149825783972125,1.0,0.0,0.0,0.0,93.75,172.2799530029297,1.0,0.0,,,0.0,0.0,,,,,,,,,,,,,,,,,,
2026-08-21_ewc_vitality-vs-spirit_mirage,sh1ro,CT,8,0.08539026017344896,0.3,0.1,0.1,0.5,64.0625,181.81888122558593,0.4,0.1,0.0,15.953125,0.02561707805203469,0.08539026017344896,0.6,0.0,0.0,0.4,98.06782297232078,230.64769931661647,1139.0625,0.6,139.97954063415528,0.15624999999999997,19.023857879638673,0.8,0.1,4.650364723691174,0.0,,,
2026-08-21_ewc_vitality-vs-spirit_mirage,sh1ro,CT,9,0.03180914512922465,0.6666666666666666,0.0,0.0,0.3333333333333333,93.75,181.55158487955728,1.0,0.0,,,0.03180914512922465,0.04241219350563287,0.25,0.0,0.0,0.75,86.88111639107335,138.5454686772424,1136.71875,0.25,97.3513126373291,0.2265625,38.27371597290039,0.25,0.25,14.382666358767503,0.0,,,
2026-08-21_ewc_vitality-vs-spirit_mirage,sh1ro,CT,10,0.2782608695652174,0.71875,0.09375,0.03125,0.15625,144.53125,164.01991748809814,0.75,0.09375,93.75,53.93739636739095,0.017391304347826087,0.08695652173913043,0.2,0.2,0.1,0.5,98.61059395904479,169.30669209701412,1193.75,0.5,154.28470840454102,0.3016456582633053,15.153475952148437,0.2,0.3,6.990373253834173,0.008695652173913044,165.04735280797206,153.27467346191406,1.0
2026-08-21_ewc_vitality-vs-spirit_mirage,sh1ro,CT,11,0.12475633528265107,0.5454545454545454,0.0,0.0,0.45454545454545453,142.04545454545453,164.38180403275922,0.5454545454545454,0.18181818181818182,0.0,26.534517288208008,0.06804891015417332,0.04536594010278221,0.25,0.0,0.0,0.75,129.41768189610633,248.70932991545556,1457.03125,0.25,158.5244550704956,0.0,45.77230453491211,0.25,0.0,5.37670558633566,0.0,,,
2026-08-21_ewc_vitality-vs-spirit_mirage,sh1ro,T,12,0.5233541233541233,0.8135593220338984,0.03389830508474576,0.0,0.15254237288135594,154.92584745762713,162.0102081298828,0.8813559322033898,0.06779661016949153,117.1875,30.1076021194458,0.026611226611226613,0.07983367983367984,0.5555555555555556,0.2222222222222222,0.0,0.2222222222222222,65.07117411337404,119.96050177639204,854.1666666666666,0.7777777777777778,183.13554933336047,0.0,22.650489807128906,0.4444444444444444,0.0,14.232408318287952,0.0,,,
2026-08-21_ewc_vitality-vs-spirit_mirage,sh1ro,T,13,0.16510802966784907,0.625,0.0,0.0625,0.3125,131.8359375,164.3317050933838,0.625,0.25,35.15625,19.384372234344482,0.0928732666881651,0.030957755562721703,0.6666666666666666,0.3333333333333333,0.0,0.0,33.95664416701596,56.572472555338166,802.0833333333334,1.0,117.96297200520833,0.12021857923497269,12.057840983072916,0.3333333333333333,0.0,9.955856508169044,0.0,,,
2026-08-21_ewc_vitality-vs-spirit_mirage,sh1ro,T,14,0.3036773428232503,0.6666666666666666,0.08333333333333333,0.0,0.25,95.05208333333333,167.19089889526367,0.5,0.16666666666666666,187.5,10.71119499206543,0.07591933570581258,0.02530644523527086,0.0,0.0,0.0,1.0,142.4026911112345,142.4026911112345,1453.125,0.0,149.08560180664062,0.5,44.431427001953125,0.0,0.0,2.094358909788777,0.0,,,
2026-08-21_ewc_vitality-vs-spirit_mirage,sh1ro,T,15,0.08226221079691516,0.0,0.0,0.0,1.0,15.625,189.05059814453125,1.0,0.0,,,0.0,0.0,,,,,,,,,,,,,,,,,,
2026-08-21_ewc_vitality-vs-spirit_mirage,tN1R,CT,0,0.1687170474516696,1.0,0.0,0.0,0.0,208.33333333333334,164.0276107788086,0.8333333333333334,0.0,,,0.056239015817223195,0.028119507908611598,0.0,1.0,0.0,0.0,60.00238679969601,60.00238679969601,671.875,1.0,123.9530029296875,0.9090909090909091,3.1685333251953125,0.0,1.0,1.363123136323202,0.0,,,
2026-08-21_ewc_vitality-vs-spirit_mirage,tN1R,CT,1,0.2693428293946261,0.6153846153846154,0.0,0.0,0.38461538461538464,157.45192307692307,155.5419640174279,0.7692307692307693,0.0,,,0.08287471673680803,0.18646811265781807,0.8888888888888888,0.1111111111111111,0.0,0.0,34.857851900943785,58.327014705470184,651.0416666666666,1.0,148.42283630371094,0.15175953079178883,5.497587415907118,0.0,0.2222222222222222,27.870878005772006,0.0,,,
2026-08-21_ewc_vitality-vs-spirit_mirage,tN1R,CT,2,0.3438395415472779,0.6,0.06666666666666667,0.0,0.3333333333333333,161.45833333333334,157.97354634602866,0.6,0.13333333333333333,0.0,20.028849124908447,0.06876790830945559,0.06876790830945559,0.6666666666666666,0.3333333333333333,0.0,0.0,42.80898265551365,79.65811554808243,1234.375,1.0,126.90544509887695,0.0,33.315022786458336,0.0,0.0,5.803473926390659,0.0,,,
2026-08-21_ewc_vitality-vs-spirit_mirage,tN1R,CT,3,0.30902160101651843,0.7894736842105263,0.0,0.0,0.21052631578947367,134.45723684210526,158.5264334427683,0.7105263157894737,0.10526315789473684,35.15625,18.796217441558838,0.04066073697585769,0.1707750952986023,0.8571428571428571,0.047619047619047616,0.0,0.09523809523809523,33.661570660700306,60.17686519185144,729.1666666666666,0.9047619047619048,143.12784976050966,0.3200410122567329,29.173067728678387,0.047619047619047616,0.2857142857142857,19.30456714053395,0.0,,,
2026-08-21_ewc_vitality-vs-spirit_mirage,tN1R,CT,4,0.24314502808060787,0.6086956521739131,0.08695652173913043,0.0,0.30434782608695654,146.05978260869566,163.98887037194294,0.5217391304347826,0.17391304347826086,66.40625,11.84033727645874,0.021143045920052856,0.10571522960026429,0.5,0.3,0.0,0.2,67.70741985054975,105.19695140837796,982.8125,0.8,145.40932693481446,0.4061619376416011,43.298292541503905,0.1,0.6,7.365392267401674,0.0,,,
2026-08-21_ewc_vitality-vs-spirit_mirage,tN1R,CT,5,0.19166666666666668,0.4782608695652174,0.08695652173913043,0.043478260869565216,0.391304347826087,139.2663043478261,168.2994152566661,0.6521739130434783,0.17391304347826086,78.125,16.29500722885132,0.03333333333333333,0.24166666666666667,0.8275862068965517,0.034482758620689655,0.0,0.13793103448275862,50.54754331885629,115.90481572260988,636.3146551724138,0.8620689655172413,151.9197777057516,0.10133553303925354,23.355725255505792,0.06896551724137931,0.06896551724137931,24.594508816242282,0.0,,,
2026-08-21_ewc_vitality-vs-spirit_mirage,tN1R,CT,6,0.2093947183921477,0.5714285714285714,0.21428571428571427,0.0,0.21428571428571427,140.625,163.67759486607142,0.6428571428571429,0.42857142857142855,62.5,28.180688699086506,0.08974059359663472,0.0747838279971956,0.6,0.2,0.0,0.2,42.13233146558537,62.68392473185368,1187.5,0.8,120.70036315917969,0.2796266233766234,13.332034301757812,0.0,0.4,9.71928834886075,0.0,,,
2026-08-21_ewc_vitality-vs-spirit_mirage,tN1R,CT,7,0.0774818401937046,0.0,0.0,0.0,1.0,93.75,161.24346923828125,0.0,0.0,,,0.0,0.0,,,,,,,,,,,,,,,,,,
2026-08-21_ewc_vitality-vs-spirit_mirage,tN1R,CT,8,0.2903268845897265,0.6176470588235294,0.0,0.0,0.38235294117647056,143.38235294117646,160.04590023265166,0.7941176470588235,0.058823529411764705,0.0,23.852108001708984,0.02561707805203469,0.12808539026017346,0.8,0.13333333333333333,0.0,0.06666666666666667,38.871185883302694,95.46423485276323,908.3333333333334,0.9333333333333333,134.36341247558593,0.21732412197859352,11.379934692382813,0.0,0.3333333333333333,25.44494867167123,0.0,,,
2026-08-21_ewc_vitality-vs-spirit_mirage,tN1R,CT,9,0.3844833504977686,0.6,0.02857142857142857,0.0,0.37142857142857144,180.35714285714286,158.39086172921316,0.8285714285714286,0.8,0.0,21.310894795826503,0.06591143151390319,0.06591143151390319,1.0,0.0,0.0,0.0,20.02352878213034,25.335229714927888,846.3541666666666,1.0,128.99362309773764,0.3937539669425823,12.243062337239584,0.0,0.3333333333333333,21.81971793716409,0.0,,,
2026-08-21_ewc_vitality-vs-spirit_mirage,tN1R,CT,10,0.03325827126277499,0.0,0.0,0.0,1.0,145.83333333333334,153.74170939127603,0.6666666666666666,0.0,,,0.03325827126277499,0.08868872336739997,0.625,0.0,0.0,0.375,56.39683047252762,137.68718920356227,832.03125,0.625,103.23084926605225,0.622694457096417,28.446097373962402,0.125,0.625,10.186131880276989,0.0,,,
2026-08-21_ewc_vitality-vs-spirit_mirage,tN1R,CT,11,0.12962025316455697,0.0,0.0,0.0,1.0,136.71875,166.8328857421875,0.0,0.25,0.0,29.69650650024414,0.03240506329113924,0.03240506329113924,0.0,0.0,0.0,1.0,164.80693627301795,164.80693627301795,1484.375,0.0,215.00340270996094,0.20833333333333334,131.33984375,0.0,0.0,5.838914881632417,0.0,,,
2026-08-21_ewc_vitality-vs-spirit_mirage,tN1R,T,12,0.11674098094852046,0.7777777777777778,0.0,0.0,0.2222222222222222,154.51388888888889,165.43237135145398,0.7777777777777778,0.3333333333333333,41.666666666666664,47.10215632120768,0.06485610052695581,0.025942440210782326,0.0,0.0,0.0,1.0,187.46003193207008,240.53958657650776,1484.375,0.0,180.7974739074707,0.3541666666666667,92.86260223388672,0.0,0.5,1.2582377315550763,0.0,,,
2026-08-21_ewc_vitality-vs-spirit_mirage,tN1R,T,13,0.14119723488748345,0.7333333333333333,0.13333333333333333,0.06666666666666667,0.06666666666666667,137.5,176.10500996907552,0.9333333333333333,0.0,,,0.05647889395499338,0.009413148992498897,0.0,0.0,0.0,1.0,82.89371830024939,82.89371830024939,578.125,0.0,206.76336669921875,0.0,16.8087158203125,0.0,0.0,4.34764864080989,0.0,,,
2026-08-21_ewc_vitality-vs-spirit_mirage,tN1R,T,14,0.33696033696033695,0.6666666666666666,0.06666666666666667,0.0,0.26666666666666666,136.45833333333334,161.91696370442708,0.9333333333333333,0.26666666666666666,35.15625,32.51945734024048,0.022464022464022463,0.0,,,,,,,,,,,,,,,,,,
2026-08-21_ewc_vitality-vs-spirit_mirage,tN1R,T,15,0.08085345311622684,0.4444444444444444,0.1111111111111111,0.0,0.4444444444444444,151.04166666666666,158.70053100585938,0.4444444444444444,0.2222222222222222,0.0,16.996408462524414,0.02695115103874228,0.05390230207748456,0.16666666666666666,0.16666666666666666,0.0,0.6666666666666666,114.43619268651797,144.94784760737625,1440.1041666666667,0.3333333333333333,156.24959309895834,0.47140910689170185,62.564430236816406,0.16666666666666666,0.3333333333333333,4.981535286689229,0.0,,,
2026-08-21_ewc_vitality-vs-spirit_mirage,zont1x,CT,0,0.21737020863658418,0.5714285714285714,0.14285714285714285,0.0,0.2857142857142857,140.625,187.95120893205916,0.8571428571428571,0.5714285714285714,109.375,24.462080001831055,0.06210577389616691,0.0,,,,,,,,,,,,,,,,,,
2026-08-21_ewc_vitality-vs-spirit_mirage,zont1x,CT,1,0.25424340917298666,0.8181818181818182,0.09090909090909091,0.0,0.09090909090909091,105.11363636363636,160.61286648837003,0.5454545454545454,0.09090909090909091,0.0,31.856470108032227,0.02311303719754424,0.06933911159263272,0.6666666666666666,0.0,0.0,0.3333333333333333,47.355521431824776,52.26677341182684,494.7916666666667,0.6666666666666666,184.7891845703125,0.0,2.7029825846354165,0.3333333333333333,0.0,6.713791027454859,0.0,,,
2026-08-21_ewc_vitality-vs-spirit_mirage,zont1x,CT,2,0.33150517976843386,0.7941176470588235,0.11764705882352941,0.0,0.08823529411764706,137.40808823529412,161.13858301499312,0.6176470588235294,0.5,22.977941176470587,28.307302867665012,0.05850091407678245,0.05850091407678245,0.3333333333333333,0.0,0.0,0.6666666666666666,107.37823215183404,197.29845300015438,994.7916666666666,0.3333333333333333,179.6417007446289,0.0909090909090909,90.8525784810384,1.5,0.16666666666666666,2.1127248352066363,0.0,,,
2026-08-21_ewc_vitality-vs-spirit_mirage,zont1x,CT,3,0.2513089005235602,0.7777777777777778,0.1111111111111111,0.0,0.1111111111111111,151.04166666666666,163.15330392343026,0.7037037037037037,0.25925925925925924,49.107142857142854,49.28482736860003,0.01861547411285631,0.11169284467713787,0.8333333333333334,0.08333333333333333,0.0,0.08333333333333333,49.12785685878263,76.84897572507408,601.5625,0.9166666666666666,169.68114598592123,0.1536647041062802,6.05415153503418,0.16666666666666666,0.16666666666666666,2.7855231468807986,0.0,,,
2026-08-21_ewc_vitality-vs-spirit_mirage,zont1x,CT,4,0.16742239274502965,0.8,0.06666666666666667,0.0,0.13333333333333333,126.04166666666667,158.36641743977864,0.8,0.26666666666666666,167.96875,58.8597412109375,0.08929194279734914,0.03348447854900593,0.6666666666666666,0.0,0.0,0.3333333333333333,58.39235092173712,101.11587326273944,692.7083333333334,0.6666666666666666,163.93907674153647,0.0,14.044764200846354,0.0,0.0,2.8096890664002365,0.0,,,
2026-08-21_ewc_vitality-vs-spirit_mirage,zont1x,CT,5,0.4083333333333333,0.8367346938775511,0.02040816326530612,0.0,0.14285714285714285,129.1454081632653,159.58808400679607,0.8367346938775511,0.04081632653061224,148.4375,57.95692825317383,0.03333333333333333,0.15,0.9444444444444444,0.05555555555555555,0.0,0.0,41.8683622282061,47.45918595812887,476.5625,1.0,172.8005659315321,0.0,3.480530209011502,0.0,0.0,3.1660905453169703,0.0,,,
2026-08-21_ewc_vitality-vs-spirit_mirage,zont1x,CT,6,0.2110221384832784,0.8571428571428571,0.0,0.0,0.14285714285714285,109.375,166.75213623046875,0.7142857142857143,0.0,,,0.06029203956665097,0.0,,,,,,,,,,,,,,,,,,
2026-08-21_ewc_vitality-vs-spirit_mirage,zont1x,CT,7,0.3299517711624813,0.967741935483871,0.0,0.0,0.03225806451612903,109.87903225806451,160.89652522917717,0.41935483870967744,0.06451612903225806,93.75,23.53440237045288,0.03193081656411109,0.1490104772991851,0.5,0.07142857142857142,0.0,0.42857142857142855,82.31906738599189,139.7321490138802,1017.8571428571429,0.5714285714285714,167.4916365487235,0.17557550099343414,35.574071066720144,0.14285714285714285,0.14285714285714285,2.9144819553633154,0.0,,,
2026-08-21_ewc_vitality-vs-spirit_mirage,zont1x,CT,8,0.4582571602681292,0.8297872340425532,0.0,0.0,0.1702127659574468,131.31648936170214,158.60110148977725,0.7872340425531915,0.23404255319148937,109.375,57.784717473116785,0.06825106642291286,0.1267519804996953,0.9230769230769231,0.0,0.0,0.07692307692307693,49.225476086311375,55.94819910424625,700.7211538461538,0.9230769230769231,167.82132310133713,0.05434782608695653,23.4021729689378,0.07692307692307693,0.07692307692307693,3.762384249651272,0.0,,,
2026-08-21_ewc_vitality-vs-spirit_mirage,zont1x,CT,9,0.3617863199547767,0.86,0.02,0.0,0.12,147.8125,159.55919158935546,0.9,0.04,101.5625,21.1525936126709,0.04341435839457321,0.17365743357829283,0.9166666666666666,0.041666666666666664,0.0,0.041666666666666664,35.20576616814866,47.27118058972814,455.7291666666667,0.9583333333333334,156.4638465245565,0.015522875816993464,2.9511448542277017,0.0,0.0,5.224176117459517,0.0,,,
2026-08-21_ewc_vitality-vs-spirit_mirage,zont1x,CT,10,0.5,0.7833333333333333,0.016666666666666666,0.0,0.2,141.92708333333334,161.0278007507324,0.8666666666666667,0.11666666666666667,73.66071428571429,35.11602309771946,0.03333333333333333,0.08333333333333333,0.6,0.1,0.0,0.3,61.923540447332435,91.95125279413163,735.9375,0.7,177.6114074707031,0.11714285714285715,18.369287109375,0.4,0.1,3.5951566097943997,0.0,,,
2026-08-21_ewc_vitality-vs-spirit_mirage,zont1x,CT,11,0.2530755711775044,0.4444444444444444,0.2222222222222222,0.0,0.3333333333333333,90.27777777777777,168.69758775499133,0.5555555555555556,0.2222222222222222,85.9375,42.17012977600098,0.028119507908611598,0.028119507908611598,0.0,1.0,0.0,0.0,103.63726523749773,103.63726523749773,1203.125,1.0,172.7001190185547,0.0,10.256767272949219,0.0,0.0,1.548996226317861,0.0,,,
2026-08-21_ewc_vitality-vs-spirit_mirage,zont1x,T,12,0.34462643033430557,0.9583333333333334,0.0,0.0,0.041666666666666664,148.4375,160.92313512166342,0.75,0.08333333333333333,164.0625,24.552132606506348,0.014359434597262733,0.043078303791788196,0.3333333333333333,0.0,0.0,0.6666666666666666,66.57277843800449,100.91088264041173,755.2083333333334,0.3333333333333333,190.4749959309896,0.0,6.1910247802734375,0.0,0.0,2.401158182244826,0.0,,,
2026-08-21_ewc_vitality-vs-spirit_mirage,zont1x,T,13,0.2918076187674658,0.6451612903225806,0.03225806451612903,0.03225806451612903,0.2903225806451613,118.4475806451613,165.99612229870212,0.8064516129032258,0.12903225806451613,160.15625,47.63704037666321,0.03765259596999559,0.08471834093249007,0.6666666666666666,0.1111111111111111,0.0,0.2222222222222222,77.13456609570986,153.58802546470272,670.1388888888889,0.7777777777777778,190.07563951280383,0.035555555555555556,27.57130177815755,0.2222222222222222,0.0,2.5827593069031556,0.0,,,
2026-08-21_ewc_vitality-vs-spirit_mirage,zont1x,T,14,0.022464022464022463,0.0,0.0,1.0,0.0,15.625,249.99203491210938,0.0,0.0,,,0.08985608985608985,0.044928044928044926,0.5,0.0,0.0,0.5,87.30786808909863,135.83706594107116,1125.0,0.5,131.6259422302246,0.046875,32.68672561645508,2.0,0.0,1.4258319360442255,0.0,,,
2026-08-21_ewc_vitality-vs-spirit_mirage,zont1x,T,15,0.1257720381807973,0.6428571428571429,0.14285714285714285,0.14285714285714285,0.07142857142857142,131.69642857142858,157.58558545793807,0.42857142857142855,0.14285714285714285,179.6875,38.26970434188843,0.035934868051656375,0.044918585064570464,0.4,0.0,0.0,0.6,89.57131220766412,135.31314771817145,959.375,0.4,171.0545196533203,0.16999999999999998,41.150743103027345,0.2,0.2,3.0074872141920044,0.0,,,
