steamid,player,rounds,reason,provisional
76561197983956651,Magisk,116,поза демками NAVI/Vitality,0
76561198010153476,MOOOOORF,113,поза демками NAVI/Vitality,0
76561198249756046,D1NOZAVR,67,поза демками NAVI/Vitality,0
76561198263442032,Tr0ublE,64,поза демками NAVI/Vitality,0
76561198012490264,Wagman,64,поза демками NAVI/Vitality,0
76561198160486877,kr1vda,63,поза демками NAVI/Vitality,0
76561199152181207,fakerealityy,63,поза демками NAVI/Vitality,0
76561198310258974,maggent,63,поза демками NAVI/Vitality,0
76561198096933265,OWNER,63,поза демками NAVI/Vitality,0
76561198065606574,HENU,53,поза демками NAVI/Vitality,0
76561198377968451,teme,53,поза демками NAVI/Vitality,0
76561198326021165,Cliqq,53,поза демками NAVI/Vitality,0
76561199087398707,millert,53,поза демками NAVI/Vitality,0
76561198452820400,Schwarz,53,поза демками NAVI/Vitality,0
76561198353514399,-s1ngley,48,поза демками NAVI/Vitality,0
76561198030720967,Mat1988,45,поза демками NAVI/Vitality,0
76561198086406331,-DAMIENNNNNN,45,поза демками NAVI/Vitality,0
76561198279105592,STRDuble,33,поза демками NAVI/Vitality,0
76561199039257904,Cacabeeyss,32,поза демками NAVI/Vitality,0
76561199676516044,primeNasri,31,поза демками NAVI/Vitality,0
76561198985131738,IMHOMELANDER,31,поза демками NAVI/Vitality,0
76561198122026398,VEN_x27,31,поза демками NAVI/Vitality,0
76561199225367672,sulejmangod,31,поза демками NAVI/Vitality,0
76561198971551010,xdrizsa,31,поза демками NAVI/Vitality,0
76561199824340309,ko4_bratan,30,поза демками NAVI/Vitality,0
76561197999061664,onStyle,26,поза демками NAVI/Vitality,0
76561199180257046,djgor1lla,26,поза демками NAVI/Vitality,0
76561198212638205,Matthew369,25,поза демками NAVI/Vitality,0
76561198319136695,kRYPt0Ny,25,поза демками NAVI/Vitality,0
76561198095258860,PleaseF1xMe,25,поза демками NAVI/Vitality,0
76561199760079067,o6HaJI,25,поза демками NAVI/Vitality,0
76561198148227267,xytz_,25,поза демками NAVI/Vitality,0
76561198993678486,d-ABUSE,25,поза демками NAVI/Vitality,0
76561198356306849,DEADLYTROLL,25,поза демками NAVI/Vitality,0
76561198874387957,iyanvilla11,24,поза демками NAVI/Vitality,0
76561198151331389,Stormweather,24,поза демками NAVI/Vitality,0
76561198317825826,ilayy_,24,поза демками NAVI/Vitality,0
76561198364016872,DugeonMaster,23,поза демками NAVI/Vitality,0
76561198880905337,movedpaladin,23,поза демками NAVI/Vitality,0
76561197960614103,obice,23,поза демками NAVI/Vitality,0
76561199128896198,dzdking6767,23,поза демками NAVI/Vitality,0
76561199371225360,mandj0s,23,поза демками NAVI/Vitality,0
76561198111958835,mzR,23,поза демками NAVI/Vitality,0
76561197983830085,xrs,23,поза демками NAVI/Vitality,0
76561197970542560,YNC_7_,23,поза демками NAVI/Vitality,0
76561198872368966,Ignite_321,23,поза демками NAVI/Vitality,0
76561198965488248,zakarinh0,22,поза демками NAVI/Vitality,0
76561199216370182,yasuhiro666,22,поза демками NAVI/Vitality,0
76561198874917166,diiversen,22,поза демками NAVI/Vitality,0
76561198262771285,Romaxxa,22,поза демками NAVI/Vitality,0
76561198813130822,tamefear,22,поза демками NAVI/Vitality,0
76561198445691253,Jelst,22,поза демками NAVI/Vitality,0
76561198442830271,bang,22,поза демками NAVI/Vitality,0
76561197964809068,Kingski,22,поза демками NAVI/Vitality,0
76561199557450856,-Neki-,22,поза демками NAVI/Vitality,0
76561198194534826,meisti,22,поза демками NAVI/Vitality,0
76561198169881922,--pwR,22,поза демками NAVI/Vitality,0
76561198119988646,rollings22,22,поза демками NAVI/Vitality,0
76561198111742305,Luukieboys,22,поза демками NAVI/Vitality,0
76561198052096224,Kyzia,22,поза демками NAVI/Vitality,0
76561198037682364,Zabaware,22,поза демками NAVI/Vitality,0
76561199804924935,axelj-,22,поза демками NAVI/Vitality,0
76561199105323966,ishxkmilk,20,поза демками NAVI/Vitality,0
76561199143658756,Lemonnek,19,поза демками NAVI/Vitality,0
76561199869194683,zlob6633,19,поза демками NAVI/Vitality,0
76561198952878234,AsAd_H,19,поза демками NAVI/Vitality,0
76561198256493526,pFP5UxL,19,поза демками NAVI/Vitality,0
76561198196527542,milba_,19,поза демками NAVI/Vitality,0
76561198166800514,-fab-,19,поза демками NAVI/Vitality,0
76561198046908869,-_-bruh-_-,19,поза демками NAVI/Vitality,0
76561198847805777,Tepz--,18,поза демками NAVI/Vitality,0
76561199064806073,Sulche,17,поза демками NAVI/Vitality,0
76561199186003408,Haswowpeek,17,поза демками NAVI/Vitality,0
76561198353669944,VAC_Marius,17,поза демками NAVI/Vitality,0
76561197997550635,PLUMBA,17,поза демками NAVI/Vitality,0
76561197976321316,yANNNZ,17,поза демками NAVI/Vitality,0
76561198336255531,DeaR-,17,поза демками NAVI/Vitality,0
76561199084219759,X4NTARES-,16,поза демками NAVI/Vitality,0
76561198034202275,s1mple,206,"ТИМЧАСОВО: замало демок BC.Game для S>=3. Повернути, щойно BC.Game докачано (планово)",1
76561198838822582,Mzinho,188,"ТИМЧАСОВО: замало демок BC.Game для S>=3. Повернути, щойно BC.Game докачано (планово)",1
76561198920720017,Senzu,159,"ТИМЧАСОВО: замало демок BC.Game для S>=3. Повернути, щойно BC.Game докачано (планово)",1
76561198044045107,electronic,160,"ТИМЧАСОВО: замало демок BC.Game для S>=3. Повернути, щойно BC.Game докачано (планово)",1
