steamid,nick_canonical,nicks_seen,team,country,n_sessions,n_sessions_full,cohort
76561198113666193,ZywOo,ZywOo,Vitality,FR,26,11,core
76561197989744167,apEX,apEX,Vitality,FR,26,11,core
76561197978835160,flameZ,flameZ,Vitality,IL,26,11,core
76561197991272318,ropz,ropz,Vitality,EE,26,11,core
76561197973140692,mezii,mezii,Vitality,GB,20,9,core
76561198013243326,Aleksib,Aleksib,Natus Vincere,FI,14,7,core
76561198246607476,b1t,b1t,Natus Vincere,UA,14,7,core
76561198050250233,iM,iM,Natus Vincere,RO,14,7,core
76561199076189612,makazze,makazze,Natus Vincere,XK,14,7,core
76561199063068840,w0nderful,w0nderful,Natus Vincere,UA,14,7,core
76561198176878303,jL,jL,,,6,2,core
76561198010153476,MOOOOORF,MAATEOOOOOOO|MOOOOORF,,,5,0,core
76561198034202275,s1mple,s1mple|s1mplecsgod,BC.Game,UA,5,2,core
76561198249756046,D1NOZAVR,D1NOZAVR,,,3,0,core
76561198068002993,HeavyGod,HeavyGod,G2,IL,3,2,core
76561199046478501,MATYS,MATYS,G2,SK,3,2,core
76561198838822582,Mzinho,Mzinho|mzinho,BC.Game,MN,3,3,core
76561198053126645,NertZ,NertZ,G2,IL,3,2,core
76561198310561479,PR,PR,MOUZ,CZ,3,1,core
76561198920720017,Senzu,Senzu,BC.Game,MN,3,2,core
76561198012490264,Wagman,Wagman,,,3,0,core
76561198043769572,arT,arT|art,Legacy,BR,3,1,core
76561198386265483,donk,donk,Spirit,RU,3,1,core
76561198194325317,dumau,dumau,Legacy,BR,3,1,core
76561198044045107,electronic,electroNic|electronic,BC.Game,RU,3,2,core
76561198012872053,huNter,huNter|huNter-,G2,BA,3,2,core
76561198850020186,latto,latto,Legacy,BR,3,1,core
76561199063238565,magixx,magixx,Spirit,RU,3,1,core
76561198061763596,n1ssim,n1ssim,Legacy,BR,3,1,core
76561198081484775,sh1ro,sh1ro,Spirit,RU,3,1,core
76561198872013168,tN1R,tN1R,Spirit,BY,3,1,core
76561198995880877,zont1x,zont1x,Spirit,UA,3,1,core
76561198086406331,-DAMIENNNNNN,-DAMIENNNNNN,,,2,0,impostor
76561198353514399,-s1ngley,-s1ngley,,,2,0,impostor
76561199203563345,910,910,The MongolZ,MN,2,2,impostor
76561198146207066,Boombl4,Boombl4,BETBOOM,RU,2,1,impostor
76561198014259134,FL4MUS,FL4MUS,GamerLegion,RU,2,1,impostor
76561198319723208,HUASOPEEK,HUASOPEEK,9z,CL,2,1,impostor
76561198991278425,Krabeni,Krabeni,FUT,XK,2,0,impostor
76561197983956651,Magisk,Magisk,BC.Game,DK,2,2,impostor
76561198372023214,Magnojez,Magnojez,BETBOOM,RU,2,1,impostor
76561198030720967,Mat1988,Mat1988,,,2,0,impostor
76561198971718392,Neityu,Neityu,FaZe,FR,2,0,impostor
76561198041683378,NiKo,NiKo,Falcons,BA,2,2,impostor
76561198034172415,REZ,REZ,GamerLegion,SE,2,1,impostor
76561197982141573,Snax,Snax,GamerLegion,PL,2,1,impostor
76561198063336407,Spinx,Spinx,MOUZ,IL,2,1,impostor
76561198309839541,SunPayus,SunPayus,,,2,2,impostor
76561198316706174,Tauson,Tauson,GamerLegion,DK,2,1,impostor
76561197996678278,TeSeS,TeSeS,Falcons,DK,2,2,impostor
76561198966340160,Techno4K,Techno4K,,,2,2,impostor
76561198016255205,Twistzz,Twistzz,FaZe,CA,2,0,impostor
76561198304115519,alex666,alex666,B8,UA,2,1,impostor
76561198959824088,bLitz,bLitz,The MongolZ,MN,2,2,impostor
76561199313968259,cmtry,cmtry,FUT,UA,2,0,impostor
76561198875633179,dem0n,dem0n,FUT,UA,2,0,impostor
76561198216891576,dgt,dgt,9z,UY,2,1,impostor
76561199100725838,dziugss,dziugss,FUT,LT,2,0,impostor
76561199149812353,esenthial,esenthial,B8,UA,2,1,impostor
76561198068422762,frozen,frozen,FaZe,SK,2,0,impostor
76561198254686734,hypex,hypex,GamerLegion,PL,2,1,impostor
76561198178737429,jcobbb,jcobbb,FaZe,PL,2,0,impostor
76561197989430253,karrigan,karrigan,Falcons,DK,2,2,impostor
76561198382173659,kensizor,kensizor,B8,UA,2,1,impostor
76561199032006224,kyousuke,kyousuke,Falcons,RU,2,2,impostor
76561198067722198,luchov,luchov,9z,AR,2,1,impostor
76561198074762801,m0NESY,m0NESY,Falcons,RU,2,2,impostor
76561198242950384,max,max,9z,UY,2,1,impostor
76561198195642865,meyern,meyern,9z,AR,2,1,impostor
76561198305036904,npl,npl,B8,UA,2,1,impostor
76561199001538362,s1zzi,s1zzi,B8,UA,2,1,impostor
76561198355739212,torzsi,torzsi,MOUZ,HU,2,1,impostor
76561198365118288,try,try,Legacy,AR,2,1,impostor
76561198998266210,xelex,xelex,MOUZ,HU,2,1,impostor
76561198193174134,xertioN,xertioN,MOUZ,IL,2,1,impostor
76561198059614402,zorte,zorte,BETBOOM,RU,2,1,impostor
76561198169881922,--pwR,--pwR,,,1,0,impostor
76561199557450856,-Neki-,-Neki-,,,1,0,impostor
76561198046908869,-_-bruh-_-,-_-bruh-_-,,,1,0,impostor
76561198166800514,-fab-,-fab-,,,1,0,impostor
76561198952878234,AsAd_H,AsAd_H,,,1,0,impostor
76561198138828475,Brollan,Brollan,HEROIC,SE,1,1,impostor
76561198416388144,C4LLM3SU3,C4LLM3SU3,Lynn Vision,CN,1,0,impostor
76561199039257904,Cacabeeyss,Cacabeeyss,,,1,0,impostor
76561198326021165,Cliqq,Cliqq,,,1,1,impostor
76561198356306849,DEADLYTROLL,DEADLYTROLL,,,1,0,impostor
76561198349326906,DarkMeister,DarkMeister,The MongolZ,MN,1,1,impostor
76561198233474320,Dawy,Dawy,Inner Circle,UA,1,1,impostor
76561198336255531,DeaR-,DeaR-,,,1,0,impostor
76561198364016872,DugeonMaster,DugeonMaster,,,1,0,impostor
76561198066693739,EliGE,EliGE,Liquid,US,1,0,impostor
76561198816731401,EmiliaQAQ,EmiliaQAQ,Lynn Vision,CN,1,0,impostor
76561197960690195,FalleN,FalleN,FURIA,BR,1,1,impostor
76561198344226986,Gizmy,Gizmy,100 Thieves,GB,1,0,impostor
76561198179538505,Graviti,Graviti,3DMAX,FR,1,0,impostor
76561198065606574,HENU,HENU,ENCE,FI,1,1,impostor
76561199186003408,Haswowpeek,Haswowpeek,,,1,0,impostor
76561198985131738,IMHOMELANDER,IMHOMELANDER,,,1,0,impostor
76561198872368966,Ignite_321,Ignite_321,,,1,0,impostor
76561198016138527,JBOEN,JBOEN,FaZe,DK,1,0,impostor
76561198184153575,JBa,JBa,M80,US,1,0,impostor
76561198021715100,JT,JT,Liquid,ZA,1,0,impostor
76561198445691253,Jelst,Jelst,,,1,0,impostor
76561198178386506,Jorko,Jorko,Liquid,BG,1,0,impostor
76561198058500492,KSCERATO,KSCERATO,FURIA,BR,1,1,impostor
76561197964809068,Kingski,Kingski,,,1,0,impostor
76561198350606449,Kursy,Kursy,3DMAX,FR,1,0,impostor
76561198052096224,Kyzia,Kyzia,,,1,0,impostor
76561198337484196,Lake,Lake,M80,US,1,0,impostor
76561199143658756,Lemonnek,Lemonnek,,,1,0,impostor
76561198031890115,Lucky,Lucky,3DMAX,FR,1,0,impostor
76561198111742305,Luukieboys,Luukieboys,,,1,0,impostor
76561198045739761,Maka,Maka,3DMAX,FR,1,0,impostor
76561198212638205,Matthew369,Matthew369,,,1,0,impostor
76561198001151695,NAF-FLY,NAF-FLY,,,1,0,impostor
76561198096933265,OWNER,OWNER,BASEMENT BOYS,UA,1,1,impostor
76561197997550635,PLUMBA,PLUMBA,,,1,0,impostor
76561198095258860,PleaseF1xMe,PleaseF1xMe,,,1,0,impostor
76561198262771285,Romaxxa,Romaxxa,,,1,0,impostor
76561198167785069,S1ren,S1ren,BETBOOM,RU,1,1,impostor
76561198279105592,STRDuble,STRDuble,,,1,0,impostor
76561198452820400,Schwarz,Schwarz,ENCE,GE,1,1,impostor
76561197974106188,ScrunK,ScrunK,,,1,0,impostor
76561198880299543,Starry,Starry,Lynn Vision,CN,1,0,impostor
76561198151331389,Stormweather,Stormweather,,,1,0,impostor
76561199064806073,Sulche,Sulche,,,1,0,impostor
76561198183003671,Swisher,Swisher,M80,US,1,0,impostor
76561198847805777,Tepz--,Tepz--,,,1,0,impostor
76561198263442032,Tr0ublE,Tr0ublE,BASEMENT BOYS,UA,1,1,impostor
76561198011732823,V$M,V$M,,,1,0,impostor
76561198353669944,VAC_Marius,VAC_Marius,,,1,0,impostor
76561198122026398,VEN_x27,VEN_x27,,,1,0,impostor
76561199084219759,X4NTARES-,X4NTARES-,,,1,0,impostor
76561198134401925,YEKINDAR,YEKINDAR,FURIA,LV,1,1,impostor
76561197970542560,YNC_7_,YNC_7_,,,1,0,impostor
76561198037682364,Zabaware,Zabaware,,,1,0,impostor
76561199804924935,axelj-,axelj-,,,1,0,impostor
76561198442830271,bang,bang,,,1,0,impostor
76561198015308884,biguzera,biguzera,paiN,BR,1,0,impostor
76561198201620490,broky,broky,,,1,0,impostor
76561199430871803,cobrazera,cobrazera,,,1,1,impostor
76561198136488014,cptkurtka023,cptkurtka023,Inner Circle,UA,1,0,impostor
76561198993678486,d-ABUSE,d-ABUSE,,,1,0,impostor
76561198859428279,d1Ledez,d1Ledez,BETBOOM,RU,1,0,impostor
76561197987713664,dev1ce,dev1ce,,,1,0,impostor
76561198874917166,diiversen,diiversen,,,1,0,impostor
76561199180257046,djgor1lla,djgor1lla,,,1,0,impostor
76561199128896198,dzdking6767,dzdking6767,,,1,0,impostor
76561199152181207,fakerealityy,fakerealityy,,,1,1,impostor
76561198359519930,headtr1ck,headtr1ck,Inner Circle,UA,1,0,impostor
76561198317825826,ilayy_,ilayy_,,,1,0,impostor
76561199105323966,ishxkmilk,ishxkmilk,,,1,0,impostor
76561198874387957,iyanvilla11,iyanvilla11,,,1,0,impostor
76561198319136695,kRYPt0Ny,kRYPt0Ny,,,1,0,impostor
76561199824340309,ko4_bratan,ko4_bratan,,,1,0,impostor
76561198160486877,kr1vda,kr1vda,BASEMENT BOYS,UA,1,1,impostor
76561198860760060,krazy,krazy,SAW,PT,1,0,impostor
76561198972795853,lauNX,lauNX,,,1,0,impostor
76561198310258974,maggent,maggent,BASEMENT BOYS,UA,1,1,impostor
76561198080703143,malbsMd,malbsMd,Liquid,GT,1,0,impostor
76561199371225360,mandj0s,mandj0s,,,1,0,impostor
76561198194534826,meisti,meisti,,,1,0,impostor
76561198196527542,milba_,milba_,,,1,0,impostor
76561199087398707,millert,millert,ENCE,FI,1,1,impostor
76561198081528911,misutaaa,misutaaa,3DMAX,FR,1,0,impostor
76561198200982290,molodoy,molodoy,FURIA,KZ,1,1,impostor
76561198880905337,movedpaladin,movedpaladin,,,1,0,impostor
76561198111958835,mzR,mzR,,,1,0,impostor
76561199760079067,o6HaJI,o6HaJI,,,1,0,impostor
76561197960614103,obice,obice,,,1,0,impostor
76561197999061664,onStyle,onStyle,,,1,0,impostor
76561198300474132,onic,onic,Inner Circle,UA,1,1,impostor
76561198256493526,pFP5UxL,pFP5UxL,,,1,0,impostor
76561198396338183,piriajr,piriajr,,,1,0,impostor
76561197995178481,poiii,poiii,100 Thieves,SE,1,0,impostor
76561199676516044,primeNasri,primeNasri,,,1,0,impostor
76561198294381090,r1nkle,r1nkle,G2,UA,1,0,impostor
76561197997351207,rain,rain,100 Thieves,NO,1,0,impostor
76561198119988646,rollings22,rollings22,,,1,0,impostor
76561198190463461,s1n,s1n,M80,DE,1,0,impostor
76561198100494962,saadzin,saadzin,Imperial,BR,1,0,impostor
76561197985565685,saffee,saffee,paiN,BR,1,0,impostor
76561198308941038,sirah,sirah,100 Thieves,DK,1,0,impostor
76561198064353169,slaxz-,slaxz-,M80,DE,1,0,impostor
76561198377335846,snow,snow,paiN,BR,1,0,impostor
76561199225367672,sulejmangod,sulejmangod,,,1,0,impostor
76561198813130822,tamefear,tamefear,Inner Circle Academy,UA,1,0,impostor
76561198377968451,teme,teme,ENCE,FI,1,1,impostor
76561199390439015,tikuak,tikuak,The MongolZ,MN,1,1,impostor
76561198107240040,westmelon,westmelon,Lynn Vision,CN,1,0,impostor
76561198971551010,xdrizsa,xdrizsa,,,1,0,impostor
76561198178209109,xfl0ud,xfl0ud,FUT,TR,1,0,impostor
76561197983830085,xrs,xrs,,,1,0,impostor
76561198148227267,xytz_,xytz_,,,1,0,impostor
76561197976321316,yANNNZ,yANNNZ,,,1,0,impostor
76561199216370182,yasuhiro666,yasuhiro666,,,1,0,impostor
76561198164970560,yuurih,yuurih,FURIA,BR,1,1,impostor
76561198137783463,z4KR,z4KR,Lynn Vision,CN,1,0,impostor
76561198965488248,zakarinh0,zakarinh0,,,1,0,impostor
76561199121088563,zeRRoFIX,zeRRoFIX,Inner Circle,UA,1,0,impostor
76561199869194683,zlob6633,zlob6633,,,1,0,impostor
