rounds,obs,acc_mean,acc_sd
3,45,0.5354116908663633,0.10146675013382457
5,75,0.6331728619402426,0.03799409171650546
7,105,0.6229466991977357,0.046691332122032435
9,135,0.6701686300675116,0.015061716438476902
11,165,0.6807468099987507,0.017509538822228006
13,195,0.6936580216817052,0.016584453212629018
15,225,0.6948464949038586,0.016345594169379692
17,255,0.709284247299715,0.012903283322332147
19,285,0.7111048911011574,0.010850976857601424
21,315,0.7146006900319566,0.013396288875065354
23,345,0.7253654792514921,0.008890421538381812
25,375,0.7277912485871454,0.007613488661256351
27,405,0.7281895095698177,0.0025938039062102037
29,435,0.7300353356890459,0.0
