match_id,date,team1,team2,event,format,score,team_filter,url,demo_id,status,note
2396940,2026-08-30,Natus Vincere,G2,BLAST Open Porto 2026,bo3,0-2,Natus Vincere,https://www.hltv.org/matches/2396940/g2-vs-natus-vincere-blast-open-porto-2026,110759,done,"2 мап: 2026-08-30_blast_natusvincere-vs-g2_ancient.dem,2026-08-30_blast_natusvincere-vs-g2_inferno.dem"
2396933,2026-08-28,Natus Vincere,paiN,BLAST Open Porto 2026,bo3,2-0,Natus Vincere,https://www.hltv.org/matches/2396933/natus-vincere-vs-pain-blast-open-porto-2026,110682,done,"2 мап: 2026-08-28_blast_natusvincere-vs-pain_nuke.dem,2026-08-28_blast_natusvincere-vs-pain_mirage.dem"
2396925,2026-08-26,Natus Vincere,M80,BLAST Open Porto 2026,bo3,1-2,Natus Vincere,https://www.hltv.org/matches/2396925/natus-vincere-vs-m80-blast-open-porto-2026,110600,done,"3 мап: 2026-08-26_blast_natusvincere-vs-m80_anubis.dem,2026-08-26_blast_natusvincere-vs-m80_mirage.dem,2026-08-26_blast_natusvincere-vs-m80_inferno.dem"
2396603,2026-08-20,Natus Vincere,Legacy,Esports World Cup 2026,bo3,0-2,Natus Vincere,https://www.hltv.org/matches/2396603/natus-vincere-vs-legacy-esports-world-cup-2026,110424,done,"2 мап: 2026-08-20_ewc_natusvincere-vs-legacy_inferno.dem,2026-08-20_ewc_natusvincere-vs-legacy_ancient.dem"
2396587,2026-08-15,Natus Vincere,The MongolZ,Esports World Cup 2026,bo3,2-1,Natus Vincere,https://www.hltv.org/matches/2396587/the-mongolz-vs-natus-vincere-esports-world-cup-2026,110300,done,"3 мап: 2026-08-15_ewc_natusvincere-vs-themongolz_inferno.dem,2026-08-15_ewc_natusvincere-vs-themongolz_ancient.dem,2026-08-15_ewc_natusvincere-vs-themongolz_mirage.dem"
2396571,2026-08-12,Natus Vincere,3DMAX,Esports World Cup 2026,inf,13-9,Natus Vincere,https://www.hltv.org/matches/2396571/natus-vincere-vs-3dmax-esports-world-cup-2026,110228,done,1 мап: 2026-08-12_ewc_natusvincere-vs-3dmax_inferno.dem
2394995,2026-06-15,Natus Vincere,G2,IEM Cologne Major 2026,bo3,1-2,Natus Vincere,https://www.hltv.org/matches/2394995/natus-vincere-vs-g2-iem-cologne-major-2026,108991,done,"4 мап: 2026-06-15_iem_natusvincere-vs-g2_dust2.dem,2026-06-15_iem_natusvincere-vs-g2_inferno.dem,2026-06-15_iem_natusvincere-vs-g2_mirage.dem,2026-06-15_iem_natusvincere-vs-g2_mirage2.dem"
2394991,2026-06-14,Natus Vincere,Falcons,IEM Cologne Major 2026,bo3,1-2,Natus Vincere,https://www.hltv.org/matches/2394991/natus-vincere-vs-falcons-iem-cologne-major-2026,108975,done,"4 мап: 2026-06-14_iem_natusvincere-vs-falcons_dust2.dem,2026-06-14_iem_natusvincere-vs-falcons_mirage.dem,2026-06-14_iem_natusvincere-vs-falcons_anubis.dem,2026-06-14_iem_natusvincere-vs-falcons_anubis2.dem"
2394979,2026-06-13,Natus Vincere,The MongolZ,IEM Cologne Major 2026,bo3,2-1,Natus Vincere,https://www.hltv.org/matches/2394979/natus-vincere-vs-the-mongolz-iem-cologne-major-2026,108913,done,"3 мап: 2026-06-13_iem_natusvincere-vs-themongolz_nuke.dem,2026-06-13_iem_natusvincere-vs-themongolz_ancient.dem,2026-06-13_iem_natusvincere-vs-themongolz_mirage.dem"
2394976,2026-06-12,Natus Vincere,Legacy,IEM Cologne Major 2026,bo3,2-0,Natus Vincere,https://www.hltv.org/matches/2394976/natus-vincere-vs-legacy-iem-cologne-major-2026,108879,done,"2 мап: 2026-06-12_iem_natusvincere-vs-legacy_inferno.dem,2026-06-12_iem_natusvincere-vs-legacy_ancient.dem"
2394900,2026-06-11,Natus Vincere,Spirit,IEM Cologne Major 2026,bo3,0-2,Natus Vincere,https://www.hltv.org/matches/2394900/natus-vincere-vs-spirit-iem-cologne-major-2026,108864,done,"2 мап: 2026-06-11_iem_natusvincere-vs-spirit_dust2.dem,2026-06-11_iem_natusvincere-vs-spirit_anubis.dem"
2394178,2026-05-17,Natus Vincere,GamerLegion,IEM Atlanta 2026,bo5,3-0,Natus Vincere,https://www.hltv.org/matches/2394178/gamerlegion-vs-natus-vincere-iem-atlanta-2026,108099,done,"3 мап: 2026-05-17_iem_natusvincere-vs-gamerlegion_mirage.dem,2026-05-17_iem_natusvincere-vs-gamerlegion_anubis.dem,2026-05-17_iem_natusvincere-vs-gamerlegion_nuke.dem"
2394175,2026-05-16,Natus Vincere,BETBOOM,IEM Atlanta 2026,bo3,2-0,Natus Vincere,https://www.hltv.org/matches/2394175/betboom-vs-natus-vincere-iem-atlanta-2026,,todo,
2394174,2026-05-16,Natus Vincere,Vitality,IEM Atlanta 2026,bo3,2-1,Natus Vincere,https://www.hltv.org/matches/2394174/natus-vincere-vs-vitality-iem-atlanta-2026,,skip,вже зібрано в targets_vitality.csv
2394171,2026-05-14,Natus Vincere,Legacy,IEM Atlanta 2026,bo3,1-2,Natus Vincere,https://www.hltv.org/matches/2394171/natus-vincere-vs-legacy-iem-atlanta-2026,,todo,
2394161,2026-05-12,Natus Vincere,GamerLegion,IEM Atlanta 2026,bo3,2-1,Natus Vincere,https://www.hltv.org/matches/2394161/natus-vincere-vs-gamerlegion-iem-atlanta-2026,,todo,
2394112,2026-05-11,Natus Vincere,Passion UA,IEM Atlanta 2026,bo3,2-0,Natus Vincere,https://www.hltv.org/matches/2394112/natus-vincere-vs-passion-ua-iem-atlanta-2026,,todo,
2393350,2026-05-03,Natus Vincere,Vitality,BLAST Rivals 2026 Season 1,bo5,0-3,Natus Vincere,https://www.hltv.org/matches/2393350/natus-vincere-vs-vitality-blast-rivals-2026-season-1,,skip,вже зібрано в targets_vitality.csv
2393348,2026-05-02,Natus Vincere,FaZe,BLAST Rivals 2026 Season 1,bo3,2-0,Natus Vincere,https://www.hltv.org/matches/2393348/natus-vincere-vs-faze-blast-rivals-2026-season-1,,todo,
2393336,2026-05-01,Natus Vincere,GamerLegion,BLAST Rivals 2026 Season 1,bo3,2-0,Natus Vincere,https://www.hltv.org/matches/2393336/natus-vincere-vs-gamerlegion-blast-rivals-2026-season-1,,todo,
2393321,2026-04-29,Natus Vincere,FaZe,BLAST Rivals 2026 Season 1,bo3,2-0,Natus Vincere,https://www.hltv.org/matches/2393321/natus-vincere-vs-faze-blast-rivals-2026-season-1,,todo,
2393241,2026-04-17,Natus Vincere,Vitality,IEM Rio 2026,bo3,0-2,Natus Vincere,https://www.hltv.org/matches/2393241/vitality-vs-natus-vincere-iem-rio-2026,,todo,
2393239,2026-04-15,Natus Vincere,Aurora,IEM Rio 2026,bo3,2-1,Natus Vincere,https://www.hltv.org/matches/2393239/natus-vincere-vs-aurora-iem-rio-2026,,todo,
2393235,2026-04-15,Natus Vincere,HOTU,IEM Rio 2026,bo3,2-0,Natus Vincere,https://www.hltv.org/matches/2393235/natus-vincere-vs-hotu-iem-rio-2026,,todo,
2393228,2026-04-14,Natus Vincere,FURIA,IEM Rio 2026,bo3,1-2,Natus Vincere,https://www.hltv.org/matches/2393228/natus-vincere-vs-furia-iem-rio-2026,,todo,
