feature,family,icc1,eta2_H,p_kw,mean,sd,q_bh
strafe_overlap_frac,keydyn,0.5370343879917312,0.5441852075295027,0.0,2.5473187927765188e-17,0.9999626461892789,0.0
combo_trans_entropy,keydyn,0.4360877538916925,0.4264103906891004,0.0,1.8680337813694472e-16,0.9999626461013364,0.0
presses_total_per_s,keydyn,0.3923286307993553,0.3812756436542721,0.0,3.396425057035358e-16,0.999962651194869,0.0
combo_switch_per_s,keydyn,0.37929952408116885,0.3645388346417684,0.0,-3.396425057035358e-16,0.9999626517130101,0.0
switch_per_s,habit,0.37876186492373853,0.30722123553249225,0.0,4.457807887358908e-17,0.9999626485424482,0.0
wpn_sniper_frac,habit,0.3359840852845282,0.13214952713558398,0.0,-5.306914151617747e-17,0.9999626470663471,0.0
strafe_switch_per_s,micro,0.3237564803907269,0.31103023159939214,0.0,2.7171400456282867e-16,0.9999626507976416,0.0
presses_D_per_s,keydyn,0.31714135179659547,0.27908189524991933,0.0,2.377497539924751e-16,0.9999626494599944,0.0
fwd_switch_per_s,micro,0.3155856849699437,0.32427446857182585,0.0,-4.2455313212941976e-17,0.9999626481599553,0.0
frac_scoped,micro,0.30335411417752883,0.13243436183910942,0.0,-5.731467283747167e-17,0.9999626443552914,0.0
presses_A_per_s,keydyn,0.2853558027255258,0.29233462956228146,0.0,3.3964250570353584e-17,0.9999626491839633,0.0
presses_S_per_s,keydyn,0.2794258259567293,0.2588663698197802,0.0,1.6982125285176792e-17,0.9999626446853439,0.0
combo_AD,keydyn,0.2770668832291941,0.39593914991815515,0.0,-4.2455313212941976e-17,0.9999625648949121,0.0
qswitch_per_s,habit,0.26271819051400436,0.30826477471491437,0.0,4.8823610194883274e-17,0.9999626444812916,0.0
combo_persistence,keydyn,0.2565851687035515,0.2533190397303185,0.0,-5.434280091256573e-16,0.9999626364999142,0.0
counterstrafe_per_s,micro,0.24932059038400087,0.27236111661173473,0.0,6.792850114070717e-17,0.9999626504010227,0.0
dwell_D_ms,keydyn,0.2357981650943628,0.21927421966940405,0.0,-1.3585700228141433e-16,0.9999626524168079,0.0
zoom_toggle_per_s,habit,0.23395097857898778,0.09329727681569053,6.706355095913712e-249,-1.592074245485324e-17,0.9999626343215546,1.6461053417242746e-248
presses_W_per_s,keydyn,0.22116713378146155,0.2308818529143431,0.0,-1.698212528517679e-16,0.9999626455854239,0.0
duck_per_s,micro,0.21686782625819603,0.22292764303481502,0.0,1.7618954983370922e-16,0.9999626355523487,0.0
presses_CTRL_per_s,keydyn,0.216748453389739,0.22271319687232619,0.0,-4.2455313212941976e-17,0.9999626355947618,0.0
presses_SHIFT_per_s,keydyn,0.21494288502625988,0.21671534087571953,0.0,2.281973085195631e-16,0.9999626427889827,0.0
dwell_A_ms,keydyn,0.20897331316622691,0.2172266188590866,0.0,-2.2076762870729829e-16,0.9999626524173588,0.0
yaw_rate_p95,micro,0.20315660904740768,0.16564483077172898,0.0,-1.1462934567494335e-16,0.9999626524146459,0.0
flick_per_s,micro,0.19879024150639144,0.16223740245007054,0.0,-6.368296981941296e-17,0.9999626512511969,0.0
yaw_rate_mean,micro,0.1976512542697534,0.17167623964597145,0.0,-1.4859359624529692e-16,0.9999626523530118,0.0
shots_per_s,micro,0.15686946563857257,0.15543320635051672,0.0,3.820978189164778e-17,0.9999626432343686,0.0
dwell_S_ms,keydyn,0.14268189053963298,0.1819880221872977,0.0,-2.1227656606470988e-17,0.9999626524199722,0.0
lat_reversal_per_s,micro,0.13545793159386227,0.14667123096401977,0.0,-2.4411805097441637e-17,0.9999626494259283,0.0
dwell_SHIFT_ms,keydyn,0.1257504423799838,0.14509036409811718,0.0,-2.228903943679454e-17,0.9999626524240586,0.0
dwell_W_ms,keydyn,0.12363271737436156,0.18622833704571679,0.0,3.3964250570353584e-17,0.9999626524232215,0.0
stop_counterstrafe_frac,event,0.12125823695068749,0.11895220849132888,0.0,6.792850114070717e-17,0.9999626486667965,0.0
stop_release_frac,event,0.12123654973768405,0.10540413154896024,2.890403375428809e-283,-6.792850114070717e-17,0.9999626480605984,8.004193962725932e-283
stops_per_s,event,0.11748742037387876,0.10343148462846691,1.1648673646101454e-277,-1.3161147096012013e-16,0.9999626460868666,3.068431106777944e-277
wpn_primary_frac,habit,0.1126129382226721,0.10494695000374266,5.757577703207772e-282,3.184148490970648e-17,0.9999626493944516,1.5545459798660983e-281
moving_shot_frac,micro,0.1107191108293026,0.1144365892897019,5.87820563859388e-309,1.4540944775432627e-16,0.9999626487924715,1.715800564778754e-308
strafe_flight_ms,keydyn,0.10832797525865605,0.1522192581183934,0.0,4.457807887358908e-17,0.9999626523985784,0.0
diag_frac,micro,0.10438644489359175,0.11500990072502548,1.3715049799113e-310,-3.078010207938293e-17,0.9999626390111864,4.11451493973383e-310
crouchwalk_frac,micro,0.1016068336984724,0.12455223877502694,0.0,-3.3964250570353584e-17,0.999962629969609,0.0
lat_speed_frac,micro,0.10088598214361577,0.10210271614067183,6.930644757826579e-274,4.2455313212941976e-17,0.9999626439858412,1.7407200787099312e-273
silencer_toggle_per_s,habit,0.10079275569947208,0.08243675893535608,3.704833210600046e-218,1.804350811550034e-17,0.9999626356455537,7.694653591246249e-218
combo_A,keydyn,0.0985617977042056,0.10329958996811288,2.7604565660499946e-277,5.943743849811877e-17,0.9999626345029392,7.098316884128558e-277
frac_walkkey,micro,0.08879113320375795,0.08559323391307763,4.400116016590439e-227,-6.368296981941297e-18,0.9999626458247556,9.900261037328488e-227
combo_D,keydyn,0.08670059206258555,0.08733309800779541,5.251659077591665e-232,-1.0189275171106075e-16,0.9999626339723147,1.2067642135742548e-231
combo_none,keydyn,0.08421023030915822,0.13301987951000843,0.0,-4.2455313212941976e-17,0.9999626451186002,0.0
nade_walk_frac,habit,0.0787681155965529,0.07473771143749411,1.9989906867234458e-196,5.731467283747167e-17,0.9999626392430123,3.8551963243952174e-196
wpn_nade_frac,habit,0.07658271064807277,0.0798073444654244,9.934077229387477e-211,-3.184148490970648e-17,0.9999626431663512,2.0243025297619765e-210
accel_std,micro,0.0764571157730398,0.11442852277877542,6.197359063103876e-309,9.552445472911945e-18,0.9999626524172689,1.761354681092681e-308
key_entropy,micro,0.07459607578698235,0.1418067008711124,0.0,-6.156020415876586e-17,0.9999626497514231,0.0
frac_slowmove,micro,0.0703873428343111,0.07537725380319016,3.146328911696266e-198,-2.5473187927765188e-17,0.9999626457012353,6.178245862967213e-198
frac_air,micro,0.0701350685908989,0.06691381938081993,2.0927406461016434e-174,4.457807887358908e-17,0.9999626310798643,3.6454191899835077e-174
stop_overshoot_frac,event,0.06850210470241405,0.08459670293347828,2.8985102967965716e-224,-4.670084453423617e-16,0.999962647980579,6.138021804980974e-224
speed_mean,micro,0.06731880375840653,0.0732969133569366,2.296859746861893e-192,3.3964250570353584e-17,0.9999626523933902,4.351944783527798e-192
combo_SA,keydyn,0.0660037555829294,0.07306944748123642,1.0045043736384667e-191,6.368296981941296e-17,0.9999626060215361,1.8704564198785243e-191
frac_still,micro,0.06425645617544298,0.09206627486489206,2.0675755257642657e-245,1.740667841730621e-16,0.999962644746812,4.962181261834238e-245
peek_walk_frac,event,0.06405473891166798,0.054864718668365266,1.167551972191168e-140,8.650270067136928e-17,0.9999626479394323,1.8274726521253062e-140
presses_SPACE_per_s,keydyn,0.06361215608438843,0.0680145744314148,1.6871715363411162e-177,-6.368296981941296e-17,0.999962636641875,3.036908765414009e-177
jump_per_s,micro,0.06356924720988298,0.06799345529256902,1.934313927255285e-177,-1.2736593963882594e-17,0.9999626366400581,3.424686953173291e-177
peek_peak_speed,event,0.06338494282645586,0.07723850313583251,1.770725305105364e-203,3.714839906132423e-17,0.9999626523926752,3.541450610210728e-203
stop_ms_mean,event,0.06260567340986589,0.08542898410921393,1.2826390246629226e-226,2.9718719249059384e-16,0.999962652395455,2.8270411155835848e-226
wpn_knife_frac,habit,0.060842120857916376,0.08888540720639547,2.1175873057117405e-236,-2.3881113682279862e-17,0.9999626453945107,4.971726717757999e-236
combo_WA,keydyn,0.05920240473620888,0.06434754862868737,3.3628357009538275e-167,1.1038381435364914e-16,0.9999626304972681,5.764861201635133e-167
frac_run,micro,0.057754959377570685,0.06011719987646872,2.425057675290709e-155,-5.519190717682457e-17,0.9999626455566007,3.968276195930252e-155
frac_ducked,micro,0.05419043747049156,0.08465396050390828,1.9963774387252137e-224,-1.263045568085024e-16,0.999962640737512,4.3121752676464615e-224
traversals_per_s,event,0.05309583612557113,0.05801154059672574,1.8904383741748041e-149,5.943743849811877e-17,0.9999626189670622,3.0472737971772963e-149
combo_SD,keydyn,0.0522122135572597,0.06031482439751852,6.782283445549119e-156,-8.915615774717816e-17,0.9999626028188638,1.126902480183546e-155
combo_S,keydyn,0.05091192631630663,0.04902719519850482,2.1014673420902445e-124,1.008313688807372e-16,0.9999626116583085,3.2422638992249486e-124
peek_shift_frac,event,0.050584402175491996,0.04260569775450585,1.2855579182722243e-106,-2.706526217325051e-17,0.9999626485744121,1.9019213037452084e-106
knife_run_frac,habit,0.05020216557419919,0.0719042371498535,1.9216846780576478e-188,8.066509510458976e-17,0.9999626433931378,3.5176600886478974e-188
combo_W,keydyn,0.0488129192013288,0.05618202720946502,2.4521110751545034e-144,-2.377497539924751e-16,0.9999626427351685,3.8945293546571526e-144
speed_std,micro,0.041364670166974336,0.06273811270850514,1.0996242027682555e-162,2.1970624587697473e-16,0.9999626523377982,1.855615842171431e-162
reload_per_s,habit,0.04039828042167908,0.029528750977508296,7.598347218784431e-71,-2.1227656606470988e-17,0.9999625385416082,1.0387613919350867e-70
path_per_s,macro,0.0388181209916606,0.04804167001720762,1.146329371433284e-121,-2.4836358229571057e-16,0.9999626524006124,1.7437122833069675e-121
peeks_per_s,event,0.03047905516573721,0.029888559172011553,8.081827652933867e-72,1.2736593963882594e-17,0.9999626298103585,1.1190222904062277e-71
stop_counter_fwd_frac,event,0.027191716867983547,0.029942159590700696,5.7871418718563e-72,2.122765660647099e-18,0.9999626418288264,8.117030157928317e-72
sniper_zoom_frac,habit,0.026613217998529164,0.012326695094925424,8.337869361691031e-26,4.2349174929909623e-16,0.9999626431336135,9.283400938790015e-26
combo_WD,keydyn,0.025920479299019635,0.02899161069467223,2.1482806108386684e-69,5.943743849811877e-17,0.9999626307791534,2.9001788246322026e-69
reload_ammo_ratio,habit,0.025903327930755966,0.015274717391861061,3.258976501170592e-33,2.419952853137693e-16,0.9999626453689996,3.704941706593936e-33
peek_lat_ratio,event,0.025799681989116332,0.023682362298643636,3.696531918138833e-55,-1.0826104869300204e-16,0.9999626523392287,4.752683894749928e-55
peek_depth_mean,event,0.0245280897842839,0.0326647578629247,2.3632580062304828e-79,1.3585700228141433e-16,0.9999626524011733,3.358314008853844e-79
peek_depth_p90,event,0.024514472478189303,0.02388785009262654,1.049668753608262e-55,-4.7762227364559724e-17,0.999962652407814,1.3658340408396662e-55
peek_jiggle_frac,event,0.02448314325778238,0.024210472580934683,1.4517122105045707e-56,3.210683061728737e-17,0.9999626494057078,1.9120112040791907e-56
stop_crouch_stop_frac,event,0.023807960880845316,0.015416323301493914,1.4202387368515781e-33,2.122765660647099e-18,0.9999626392714761,1.6317636551060682e-33
stop_speed_before,event,0.023704536096092087,0.04215341420403449,2.2772815914084546e-105,1.4599320831100424e-15,0.9999626523248929,3.3236001604339604e-105
peek_yaw_swing,event,0.021837359440593493,0.025871058683356554,5.3151143595245724e-61,-6.660177260280273e-17,0.9999626523965042,7.086819146032764e-61
peek_out_ms_mean,event,0.021162975301998493,0.023454560547619897,1.4909171192284882e-54,1.448787563391645e-16,0.999962652421191,1.8943417514903145e-54
stop_shot_delay_ms,event,0.020823862673681,0.02182052846001103,3.1849448887909945e-50,-7.111264963167781e-17,0.9999626524087483,3.908795999879857e-50
stop_shot_frac,event,0.020566333513285965,0.022064466770776957,7.218774442418133e-51,-5.0946375855530375e-17,0.9999626472775507,8.96123723886389e-51
peek_shots_mean,event,0.017469018721700483,0.017113619390732058,6.306514681256535e-38,-2.335042226711809e-17,0.999962650937437,7.403299843214193e-38
disp_20s,macro,0.0168097793664555,0.021142794537377444,1.953139037276045e-48,-7.058195821651603e-17,0.9999626524232902,2.3701013036608185e-48
dwell_CTRL_ms,keydyn,0.016726565429651914,0.04313512416432404,4.436538734123776e-108,-6.952057538619249e-17,0.9999626524239421,6.6548081011856635e-108
path_len,macro,0.016069965944358514,0.015897973415867125,8.366070315095219e-35,1.3373423662076722e-16,0.9999626524245218,9.715436494949286e-35
z_range,macro,0.01594381913272279,0.011446032903518597,1.2291684143148455e-23,-6.792850114070717e-17,0.9999626524165064,1.3545937627143194e-23
peek_return_frac,event,0.015804754625308046,0.014274368922272268,1.1208632504939535e-30,2.228903943679454e-17,0.9999626495064944,1.2609711568056977e-30
stop_speed_at_shot,event,0.014011400941724499,0.02045391741001768,1.2660360091421606e-46,1.3797976794206142e-16,0.9999626523743976,1.5025482306302565e-46
path_efficiency,macro,0.012765234696074821,0.010110405131314639,2.135086728005797e-20,-1.910489094582389e-17,0.9999626469383586,2.3058936662462607e-20
peek_narrow_frac,event,0.012420653894269006,0.01063282153028484,1.1744614139054379e-21,1.4859359624529694e-17,0.9999626465231237,1.281230633351387e-21
disp_10s,macro,0.011743438398613582,0.020817171461831933,1.4053745062433655e-47,-2.8020506720541707e-16,0.9999626524231509,1.6864494074920386e-47
speed_p90,micro,0.011449285023612175,0.023449642051861896,1.5364733678245065e-54,-2.7595953588412285e-16,0.9999626523845794,1.9295246944772872e-54
radius_gyration,macro,0.008488693373251208,0.009317648707483656,1.6591252149402743e-18,-1.6875987002144437e-16,0.9999626524207561,1.7741140912232636e-18
peek_commit_frac,event,0.007502260011223535,0.0075750495021673575,1.8618298846890404e-14,3.820978189164778e-17,0.9999626492314367,1.9713492896707488e-14
max_dist_start,macro,0.005321095058702136,0.006912978249057621,5.788759137888378e-13,3.1841484909706485e-18,0.9999626524232595,6.06976686302859e-13
wide_return_frac,event,0.0027150653868299414,0.0,0.5895296904708911,1.910489094582389e-17,0.9999626471788078,0.6006528921778891
peek_wide_frac,event,0.0026596787889782213,0.0,0.5862717174312051,-7.429679812264847e-18,0.9999626350753276,0.6006528921778891
wide_peek_per_s,event,0.002493574013061131,0.0,0.5846322007697313,2.1227656606470988e-17,0.9999623090519252,0.6006528921778891
wide_depth_mean,event,0.0013817192871939585,0.0,0.8361851613704383,-9.396422196854384e-15,0.9999626522871224,0.8361851613704383
wide_peak_speed,event,0.00012893341246996706,0.0,0.7539971754353342,1.3585700228141433e-16,0.9999626522484049,0.7610438780094962
wpn_pistol_frac,habit,0.0,0.03292979972093741,4.4883526831260305e-80,6.049882132844232e-17,0.9999626488703386,6.463227863701484e-80
