відбір,частка max,куль,частка точних
усі постріли,"(-0.001, 0.1]",2255,0.803
усі постріли,"(0.1, 0.2]",1337,0.844
усі постріли,"(0.2, 0.24]",536,0.856
усі постріли,"(0.24, 0.26]",255,0.827
усі постріли,"(0.26, 0.28]",242,0.69
усі постріли,"(0.28, 0.3]",230,0.709
усі постріли,"(0.3, 0.32]",226,0.73
усі постріли,"(0.32, 0.34]",215,0.628
усі постріли,"(0.34, 0.36]",196,0.658
усі постріли,"(0.36, 0.38]",152,0.605
усі постріли,"(0.38, 0.4]",163,0.595
усі постріли,"(0.4, 0.44]",361,0.535
усі постріли,"(0.44, 0.5]",475,0.512
усі постріли,"(0.5, 0.6]",618,0.129
усі постріли,"(0.6, 0.8]",690,0.022
усі постріли,"(0.8, 1.01]",1301,0.009
розмах <= 0.05,"(-0.001, 0.1]",1163,0.781
розмах <= 0.05,"(0.1, 0.2]",152,0.822
розмах <= 0.05,"(0.2, 0.24]",72,0.861
розмах <= 0.05,"(0.24, 0.26]",48,0.812
розмах <= 0.05,"(0.26, 0.28]",23,0.783
розмах <= 0.05,"(0.28, 0.3]",21,0.905
розмах <= 0.05,"(0.3, 0.32]",27,0.63
розмах <= 0.05,"(0.32, 0.34]",28,0.357
розмах <= 0.05,"(0.34, 0.36]",17,0.235
розмах <= 0.05,"(0.36, 0.38]",15,0.2
розмах <= 0.05,"(0.38, 0.4]",9,0.111
розмах <= 0.05,"(0.4, 0.44]",44,0.045
розмах <= 0.05,"(0.44, 0.5]",51,0.0
розмах <= 0.05,"(0.5, 0.6]",154,0.0
розмах <= 0.05,"(0.6, 0.8]",129,0.0
розмах <= 0.05,"(0.8, 1.01]",974,0.0
розмах <= 0.03,"(-0.001, 0.1]",937,0.789
розмах <= 0.03,"(0.1, 0.2]",51,0.824
розмах <= 0.03,"(0.2, 0.24]",36,0.806
розмах <= 0.03,"(0.24, 0.26]",31,0.806
розмах <= 0.03,"(0.26, 0.28]",18,0.722
розмах <= 0.03,"(0.28, 0.3]",14,0.857
розмах <= 0.03,"(0.3, 0.32]",18,0.722
розмах <= 0.03,"(0.32, 0.34]",22,0.227
розмах <= 0.03,"(0.34, 0.36]",13,0.231
розмах <= 0.03,"(0.36, 0.38]",10,0.0
розмах <= 0.03,"(0.38, 0.4]",5,0.0
розмах <= 0.03,"(0.4, 0.44]",25,0.0
розмах <= 0.03,"(0.44, 0.5]",30,0.0
розмах <= 0.03,"(0.5, 0.6]",108,0.0
розмах <= 0.03,"(0.6, 0.8]",58,0.0
розмах <= 0.03,"(0.8, 1.01]",888,0.0
