зброя,режим,куль,куль вище 0.34,поріг t,t 95% CI,насичення u,неточність стоячи (модель),неточність стоячи (медіана r<0.32),приріст на русі m
AK-47,звичайний,2976,1229,0.35,[0.3200; 0.3726],0.76,0.01013,0.00641,0.15452
M4A1-S,звичайний,1124,482,0.285,[0.2499; 0.3125],0.81,0.00627,0.0049,0.11169
USP-S,звичайний,854,467,0.25,[0.2000; 0.3126],0.76,0.00547,0.0049,0.01412
Glock-18,звичайний,792,496,0.215,[0.2000; 0.2725],0.7,0.00675,0.0056,0.0097
AWP,звичайний,673,7,0.2,[0.2000; 0.2351],0.73,0.00764,0.00203,0.35694
M4A4,звичайний,623,280,0.3675,[0.3197; 0.3976],0.77,0.00955,0.0049,0.12325
Galil AR,звичайний,505,230,0.365,[0.2650; 0.4051],0.76,0.01328,0.00877,0.11179
Desert Eagle,звичайний,357,63,0.2475,[0.2199; 0.3351],0.84,0.00543,0.0042,0.05055
MP9,звичайний,301,199,0.235,[0.2000; 0.2976],0.84,0.00917,0.009,0.02985
