зброя,vdata стоячи,vdata рух (осн.),vdata рух (альт.),демка стоячи,демка r>0.95 (медіана),збіг стоячи+рух
AK-47,0.00641,0.17506,0.17506,0.00641,0.18147000670433044,основний
M4A1-S,0.0049,0.09288,0.122,0.0049,0.12690000236034393,альтернативний
M4A4,0.0049,0.13788,0.122,0.0049,0.14278000593185425,основний
Galil AR,0.00877,0.12356,0.10652,0.00877,0.1323300004005432,основний
FAMAS,0.00759,0.09934,0.09934,0.00759,0.10693000257015228,основний
USP-S,0.0049,0.01387,0.01387,0.0049,0.018769999966025352,основний
Glock-18,0.0056,0.01,0.01295,0.0056,0.015599999576807022,основний
Desert Eagle,0.0042,0.0481,0.0481,0.0042,0.052299998700618744,основний
MP9,0.009,0.02904,0.02904,0.009,0.038040000945329666,основний
P250,0.0091,0.02,0.01341,0.0091,0.029100000858306885,основний
Tec-9,0.0049,0.00381,0.00381,0.0049,0.008709999732673168,основний
Five-SeveN,0.0091,0.04,0.01341,0.0091,0.04910000041127205,основний
MP7,0.01,0.01986,0.01986,0.01,0.02985999919474125,основний
Dual Berettas,0.007,0.01785,0.01785,0.007,0.02484999969601631,основний
P2000,0.0049,0.013,0.01387,0.0049,0.017899999395012856,основний
